0,1,2,3,4,5,6,7,8,9,10,11,12,13,14,15,16,17
0.26519245,-0.0055771256,-0.10119905,-0.041779425,-0.041424423,0.17432494,-0.12370293,0.07734253,0.19680822,0.10938328,0.12727535,0.20102635,-0.057968967,-0.064931355,0.047261406,-0.03634585,0.026272237,-0.22564727
0.06962483,0.11086477,0.18491328,0.08441591,0.0346646,0.22336102,0.1805414,0.22858003,0.15571491,0.15240686,0.12548164,0.21171235,0.039807826,0.15983325,0.11479424,0.21453327,0.08673465,0.0437631
-0.15442428,-0.12748605,-0.20604026,-0.06127228,-0.1138647,0.17092144,-0.11836352,-0.05170309,-0.1616527,0.031321485,0.34245595,0.07359623,-0.23627603,-0.26069146,-0.15124238,0.10509314,0.028853977,-0.100521415
-0.0035902332,-0.2566229,-0.107202575,-0.12876536,-0.22890836,0.15164,-0.08755568,-0.16592523,-0.14541152,-0.13837685,0.36553395,-0.09773643,0.0195783,-0.1803491,-0.22706746,0.25158483,-0.209872,0.0134987775
0.11835159,-0.1688683,-0.25830448,-0.12512383,-0.17398518,0.12760708,-0.12565228,-0.07714203,-0.0052350108,-0.0020295158,0.3028081,0.07421476,-0.15970883,-0.09890259,0.013006189,0.12690291,0.03502198,-0.12741707
0.15496907,-0.113469034,-0.21241987,-0.16639732,-0.12024367,0.0676533,-0.000727728,0.05993627,0.005216833,0.17373955,0.20732847,0.17172804,-0.24594967,0.0055175466,0.11651948,0.093391865,0.14603668,-0.116053775
-0.07357685,-0.3033021,-0.25888157,-0.17111221,-0.28273863,-0.0027523912,-0.14895102,-0.22309704,-0.28121275,-0.113596275,0.32291925,-0.11288773,-0.11399232,-0.26166552,-0.22783323,0.1858797,-0.18940727,-0.019457104
-0.08253391,-0.28481793,-0.2390368,-0.123270705,-0.28325868,0.09286512,-0.09939341,-0.16063857,-0.24756783,-0.13950422,0.30232036,-0.0303971,-0.07656211,-0.2605021,-0.30540287,0.21280777,-0.13552588,-0.019519173
-0.13600595,-0.24562171,-0.14385168,0.07354687,-0.26906008,0.09034527,-0.16211432,-0.103370115,-0.15158378,-0.08173402,0.26169506,-0.012330928,-0.077823564,-0.3091545,-0.4407212,0.15691665,-0.25271177,-0.09689046
-0.124895975,-0.14612637,-0.07103893,-0.13443297,-0.19961175,0.119797036,-0.08653173,0.10654148,-0.031285763,0.1001727,-0.039383866,0.12839885,-0.19931345,-0.116887495,-0.15452856,-0.053020183,-0.055304248,-0.34837335
-0.07760656,-0.19921406,-0.16614634,-0.06270235,-0.2341946,0.1739127,-0.07785824,-0.040692944,-0.16061527,-0.10157852,0.23862585,0.016836653,-0.09240852,-0.2745003,-0.30349895,0.18657525,-0.08784442,-0.013830733
-0.017148215,-0.18481767,0.019278591,0.058157068,-0.2056463,0.05186815,0.18123104,0.0038630515,-0.03881333,0.041243866,0.22170937,-0.014630336,-0.013202236,0.057630904,0.061024904,0.3186804,0.0031855633,0.044653185
-0.013400359,-0.0601146,-0.2434636,-0.16702347,-0.099824116,0.14651091,-0.1251527,0.12559652,0.14551705,0.08196927,0.19998214,0.20742059,-0.20844457,-0.03210271,0.13749623,0.043078847,0.1702202,-0.18624827
0.030431397,-0.046017885,-0.15726377,-0.14152743,-0.088060945,0.2862754,-0.14968905,0.13171667,0.07211435,0.097414955,0.14716694,0.21627799,-0.15056728,-0.12120382,-0.053952143,-0.09372973,0.058508534,-0.26743317
0.024594706,-0.043478213,-0.20848574,0.1059238,-0.109754995,0.18877926,0.04823094,0.060873166,0.14333677,0.081014656,0.043334737,0.07022055,0.0676218,-0.12467469,0.0031920695,-0.051323462,0.004368002,-0.25871336
0.039757453,-0.042273328,-0.21494515,-0.0825571,-0.030848674,0.19320804,0.02491242,0.10575976,0.037149232,0.14458619,0.31820643,0.19604415,-0.27593657,0.006392682,0.15530731,0.05418,0.25668976,-0.054109417
0.17961067,-0.051293295,-0.20113756,-0.06300177,-0.015048426,0.11660785,0.11178051,0.04754306,0.052859157,0.052836806,0.25787413,0.023145039,-0.10788755,0.10846439,0.28776264,0.29080874,0.29574805,0.111769706
0.038185112,-0.14766675,-0.14490807,-0.037701488,-0.124127686,0.24532875,-0.057329673,-0.009833391,0.021984285,-0.032627527,0.40086207,0.075360596,-0.17001867,-0.15387142,-0.06383048,0.2403116,0.07365497,-0.030345455
0.26506737,0.07200832,-0.07840912,0.15095603,0.029176537,0.10139403,0.12917718,0.14226899,0.025933312,-0.0061690933,0.15793318,-0.11146803,0.09926091,-0.06753241,0.09798629,0.365363,0.058782857,0.041052632
0.06242068,-0.10523423,0.08750319,0.13142902,-0.12162342,0.1406109,0.12444138,0.029390179,0.031776875,0.13631243,0.15302457,0.1445349,0.08484909,0.11489467,0.15899181,0.11379592,0.050386205,0.06564036
0.25233933,-0.21484414,-0.20361704,-0.10412927,-0.2585378,0.05814952,-0.13341379,-0.043780364,0.0074096182,0.11205448,0.14710072,0.19216442,-0.13350572,-0.080786005,-0.038215913,-0.026931532,-0.03872575,-0.26210132
-0.029858876,-0.10058913,-0.055631023,-0.14199388,-0.14849195,0.20175838,-0.017441045,0.14915514,0.024994586,0.07574591,0.14636815,0.1771651,-0.036324922,-0.016090779,-0.09178917,0.06328876,0.014377342,-0.14269336
0.24492401,-0.0060772356,0.1271584,0.24480253,-0.04843158,-0.022446087,0.35139933,0.026454296,-0.0039359983,-0.14050943,0.0961719,-0.23724388,0.3352763,0.116239294,0.073445976,0.27454796,-0.058006793,0.23015246
0.06397921,0.103946805,0.061284147,0.11720379,-0.014002898,0.38664055,0.15950456,0.18313818,0.0760353,0.08829948,-0.03598222,0.114839375,0.22279617,-0.07437913,-0.050946426,-0.04763306,-0.011033911,-0.11900509
0.06483835,0.31061518,0.3004427,0.2778232,0.17359883,0.31682688,0.27313074,0.09775823,0.16653904,-0.16056386,0.098886244,-0.060537554,0.3705678,0.07329789,0.07204789,0.30180466,-0.021680089,0.090645656
0.17877719,0.15963377,0.2292835,-0.054866835,0.13823764,0.27650344,0.083788134,-0.026861472,-0.02014102,-0.20918179,0.33047807,-0.17008184,0.107820496,0.06238034,-0.13735817,0.38176274,-0.1294289,0.21477559
0.0694023,-0.017703755,-0.13737854,-0.021173107,-0.103365436,0.18925753,0.035626777,0.07106331,0.09794775,0.09694451,0.11509002,0.2554506,-0.09153761,-0.07499543,0.12588991,0.020219693,0.17859969,-0.15951006
0.24139819,0.1790191,0.08506875,0.13652967,0.120973915,0.34945005,0.16253169,0.06964846,0.0023474526,-0.08175433,0.20796013,-0.07533164,0.11458248,-0.13588959,-0.06005604,0.27515936,0.047469076,0.014287478
0.06986152,-0.041803356,-0.021686813,0.16435403,-0.10055223,0.16341652,-0.030823713,0.0649772,0.13802445,0.06972798,0.054904304,0.13503867,0.21498513,-0.13348523,-0.013913251,-0.050146155,-0.086477384,-0.15543532
0.36753684,0.39791512,0.26716924,0.03297877,0.3542097,0.44812727,0.22312163,0.2986047,0.108042076,0.029390741,0.2694415,0.12114663,0.07102747,0.048943937,0.17289355,0.35028338,0.25979674,0.25737917
-0.019792212,-0.11973767,-0.17137402,0.008855971,-0.15112026,0.13408616,-0.12511659,0.07362817,0.050497286,0.06396296,0.20771919,0.154215,-0.04798549,-0.08002688,-0.04448231,0.035408832,-0.03413563,-0.19175747
-0.040466726,-0.02560826,-0.20758775,0.073405154,-0.081917845,0.19208652,0.07969438,0.19539398,0.14596741,0.10026783,0.027416918,0.19037624,0.1246596,-0.109368086,0.06771403,-0.036961626,0.11106473,-0.202861
0.053917013,-0.104867816,0.005595172,0.07049443,-0.17448434,0.14774513,0.06415961,0.09159108,0.04118492,0.0043858476,0.080518425,0.0542173,0.1947695,-0.04392439,-0.08247522,0.0498558,-0.124055475,-0.112395965
0.10781453,0.22609651,-0.015199438,0.11809054,0.14226705,0.38784343,0.17795037,0.097694635,0.07979592,-0.05757998,0.10387808,-0.06778561,0.26647776,-0.089603744,0.03351394,0.2753714,0.03540866,-0.03507945
-0.19496524,-0.13337192,-0.2238775,0.08312668,-0.16638313,0.21456008,-0.08747222,-0.04240063,-0.20547378,-0.06989184,0.24147676,0.0491976,-0.13653009,-0.31526512,-0.27553606,0.083500564,-0.010972279,-0.10197916
0.016214482,-0.31446028,-0.22718139,-0.1905347,-0.33597186,-0.06074672,-0.22444692,-0.068628564,-0.031304862,0.048575547,0.14327519,0.1366521,-0.18670732,-0.14238879,-0.122576736,-0.0055524204,-0.12664525,-0.2775902
-0.13764277,-0.13106239,0.08387436,-0.0237596,-0.126217,0.1351459,0.099563316,0.06590913,-0.018926293,-0.08702851,0.34029004,-0.022487802,-0.0007727463,-0.059271306,-0.10733502,0.27925256,-0.05114154,0.09517786
0.25631177,-0.1389161,-0.004466945,0.34126043,-0.2149997,-0.097502574,0.24201047,-0.15616603,-0.047837768,-0.23809516,0.086786844,-0.30568638,0.32780036,-0.06663161,-0.05464629,0.30571702,-0.1366883,0.10124722
0.18228471,0.3703099,0.3111084,0.29493034,0.25211665,0.104122184,0.24947776,0.18137673,0.2846421,-0.0708299,0.038199425,-0.13897148,0.45547318,0.193059,0.08239755,0.39444178,-0.13072833,0.14574024
0.16638255,0.3557919,0.12011926,0.013157525,0.29396033,0.28901863,0.2842728,0.50757504,0.12015803,0.19281632,-0.061350152,0.096595645,0.09030878,0.042664394,0.14557679,0.14709386,0.20718315,-0.0031543504
0.015859762,-0.2398637,-0.17805871,-0.17186855,-0.23289496,-0.0029228274,-0.15158795,-0.118264094,-0.056789123,-0.026051018,0.41335687,0.08821988,-0.030261425,-0.19329572,-0.0888324,0.15372,-0.087292686,0.038720533
-0.03318522,-0.024751581,-0.11030713,-0.0051205633,-0.028680746,0.33971903,0.021489173,-0.060450204,-0.1456593,-0.01733543,0.37528113,-0.037528865,-0.122825444,-0.11243428,-0.07270652,0.2806427,0.007557547,0.036319233
0.012414555,0.12774743,0.048225805,0.10872054,0.016442927,0.32132918,0.07839283,0.15624699,0.08816333,0.03916318,0.065903485,0.028889054,0.22175317,0.008503678,-0.06557543,0.05576172,-0.1229033,-0.13294451
-0.08282514,0.14179736,0.017762579,0.009574381,0.061107747,0.38945764,0.06625801,0.35467416,0.17006662,0.15068147,0.075534776,0.29210487,0.11658937,-0.075958386,-0.00820116,0.061022386,0.12626053,-0.17439047
-0.143504,-0.03447874,-0.12194287,-0.21140358,-0.09380849,0.26692796,-0.08242917,0.2053907,-0.06551513,0.08812819,0.09324464,0.07917781,-0.049798485,-0.103384435,-0.21442974,-0.10803084,-0.12925363,-0.1805363
0.18135978,0.32975027,0.45477778,0.23842011,0.24204746,0.20789301,0.32539696,0.08096273,0.08679886,-0.17548612,0.15430035,-0.13637187,0.42851263,0.09202291,0.08788954,0.37844878,-0.046782464,0.32353693
0.113712996,0.34341043,0.07561409,0.088547125,0.25820333,0.20905519,0.34425503,0.4354355,0.038693458,0.18465161,-0.072386086,0.10216887,0.055114523,0.009112734,0.17420864,0.06255651,0.23642176,0.03893691
-0.083483726,-0.26072273,-0.26850593,-0.19027494,-0.26802588,0.01591627,-0.17765233,-0.027923692,-0.047156572,0.038286265,0.23726921,0.20801121,-0.22882174,-0.19147998,-0.01621822,-0.021010907,0.07156345,-0.17780432
-0.1215885,-0.25877568,-0.38594773,-0.096891925,-0.2735061,0.036438067,-0.40748817,-0.09804379,0.03900087,0.021606522,0.016458899,0.24947214,-0.23465976,-0.12045426,-0.25914997,-0.25790268,-0.08765671,-0.42076176
0.091146514,-0.07089935,0.03744604,0.19532758,-0.1314183,0.12615094,0.2588899,0.15372624,0.11973307,0.13438238,0.12493493,0.18958643,-0.023204748,0.1294437,0.24599588,0.14050478,0.22097343,0.02475895
0.09527288,-0.15107149,-0.23315763,-0.18017444,-0.18541005,0.17142782,-0.064522065,0.06984744,-0.0062646773,0.10766456,0.15993422,0.20733199,-0.20397577,-0.1213432,0.10169965,0.025521176,0.17824613,-0.18418959
-0.028723203,0.07963822,-0.12606505,-0.031029928,0.0023810398,0.2933818,-0.10068318,0.19288269,0.1377469,0.1422691,0.07040866,0.34811926,0.0159396,-0.22605672,0.008664139,-0.10641076,0.13298729,-0.22129115
0.13078602,-0.21505673,-0.08346942,0.042611763,-0.20998701,-0.19259825,0.13172472,-0.1708262,-0.14053518,-0.09886622,0.21369192,-0.22033617,0.009062726,0.06488071,-0.025034947,0.17638022,-0.10922682,0.10226758
0.052151803,-0.23949705,-0.16667101,-0.05772473,-0.22879872,0.09582025,-0.14646453,-0.15075834,-0.1471161,-0.110466726,0.379636,-0.0820346,-0.14506477,-0.22593343,-0.17758207,0.2023845,-0.12778443,-0.027621176
0.06429095,-0.048122194,0.00068761036,-0.11503121,-0.07534993,0.14444622,-0.14026782,-0.0326754,-0.02999961,-0.012420502,0.19034493,-0.038695812,0.100058906,0.062126935,-0.15562464,0.0033774315,-0.26901776,-0.08052311
-0.040977784,0.19408706,0.21375504,0.15736657,0.08017227,0.26211798,0.100607365,0.11780609,0.11172411,-0.022234438,0.026315834,0.014964996,0.31889796,0.21881202,-0.0428808,-0.011740204,-0.19281724,0.023118056
0.08562711,0.20059648,0.0011594137,-0.050634876,0.20764154,0.43472046,0.103680596,0.14595076,-0.05061445,-0.004426617,0.41092378,-0.003328409,0.18113445,-0.08425145,-0.020301942,0.292879,0.05981543,0.28026587
0.24570473,-0.15974449,-0.022473074,0.040434934,-0.14218768,0.13569376,0.0144408215,-0.109722376,-0.053141974,-0.15616629,0.37369698,-0.14362758,0.09283815,-0.15123415,-0.14803967,0.38984704,-0.14494696,0.0895011
0.034950398,0.01684842,-0.20496966,-0.11060485,-0.057942033,0.30471817,-0.07654037,0.21382341,0.10007906,0.13174644,0.024703834,0.24017917,-0.0500692,-0.17956743,-0.015220263,-0.109399945,0.12248883,-0.2755545
0.3198186,0.13104196,-0.031818382,0.31827432,0.047451615,0.28881872,0.11877123,0.16289997,0.22691831,0.020010028,0.008429655,0.08147861,0.25170982,-0.0046466254,0.059669375,0.015871983,0.036937736,-0.20595166
-0.100273445,0.0052523287,-0.15519482,-0.11410612,-0.00563264,0.21737427,0.08020966,0.17332874,0.061344214,0.24776107,0.19705862,0.3924587,-0.2150445,-0.06635974,0.26496196,0.104715854,0.37519354,-0.049392425
0.09157065,-0.19299263,-0.24322745,-0.1849496,-0.20290652,-0.11288704,-0.18660939,-0.009587462,-0.009568818,0.025992518,0.2319848,0.12701413,-0.1866874,-0.15358767,-0.009323335,0.12444837,0.02448259,-0.16335094
0.10802333,-0.1543935,-0.18604214,0.029218081,-0.10714688,0.044931706,0.22043747,-0.078984454,-0.051523015,-0.099002436,0.2516522,-0.21582557,0.095758244,0.008956341,0.1795164,0.48568082,0.11642359,0.17500438
0.03945779,-0.32198793,-0.18326502,-0.13980785,-0.301571,-0.011549547,-0.085737415,-0.26594508,-0.23380882,-0.1618485,0.36762124,-0.18751179,-0.07796852,-0.23718086,-0.23602492,0.3435708,-0.20740336,0.032318242
-0.014573691,-0.13421436,-0.052518785,-0.07660781,-0.12826237,0.1509352,0.0048966035,-0.13728704,-0.1691739,-0.16711132,0.30809125,-0.09908825,-0.010155727,-0.18443537,-0.28276336,0.34975252,-0.1381208,0.12446336
-0.037011046,-0.01207936,0.06470278,-0.03205284,-0.04609286,0.25066316,0.028267216,-0.031650256,-0.080525786,-0.089152664,0.36208147,-0.13002333,0.092130184,-0.12743977,-0.16887659,0.42529958,-0.19349745,0.0862028
0.031676196,-0.029435974,-0.2523907,-0.16198954,-0.041982446,0.23883042,-0.17609602,0.055735152,0.08091667,0.13891056,0.0912734,0.20680776,-0.11428255,-0.14273736,-0.031333726,-0.15876341,0.008365003,-0.31653452
0.013002589,-0.03732978,-0.20863518,0.03006765,-0.10343314,0.111683816,-0.0015465105,0.09700565,0.083109185,0.08675365,0.09983866,0.23955503,0.03877694,-0.14984167,-0.0010123979,-0.041549798,0.10195488,-0.16148242
-0.14544542,0.028386032,0.111802705,0.100284606,-0.04711517,0.2625121,0.14810002,0.26999217,0.052096497,0.0033240318,0.13443127,0.095963195,0.27283636,-0.15897925,-0.098838076,0.19076866,-0.039057784,0.034355387
-0.014752656,-0.30072206,-0.21728477,-0.1481448,-0.2563877,-0.020778185,-0.0015132669,-0.17263108,-0.22872306,-0.046145447,0.25706804,-0.104156695,-0.113330975,-0.16370368,-0.06900833,0.20745826,-0.07363984,-0.029400252
0.1846081,-0.086611584,-0.07377109,-0.20804873,-0.050924923,0.15567686,-3.687106e-05,0.04426396,0.0029048906,-0.03853961,0.3771242,0.023650931,-0.07628736,-0.09000257,0.02073958,0.305066,0.051094703,0.05042629
-0.06666792,-0.22799477,-0.26974702,-0.31051522,-0.2381939,-0.08066541,-0.30137342,-0.13919239,-0.03999192,0.01820122,0.20680384,0.13593252,-0.3149526,-0.04750003,-0.042695217,-0.18146342,0.00037285266,-0.17543918
-0.042211927,0.27755016,-0.041131936,-0.0639945,0.20043573,0.33096576,0.13775454,0.42442116,0.18684958,0.29954353,0.07125584,0.4357239,-0.042174052,-0.07930893,0.22025989,0.03686723,0.36636728,-0.03244125
0.09838173,-0.12838642,-0.08362585,-0.037929848,-0.12895969,0.10506721,-0.014036329,-0.01336558,-0.018620923,-0.016077688,0.36717564,0.072020665,0.017119294,-0.10539455,0.004248152,0.13805851,0.014132117,0.097497575
-0.014031787,0.1240349,-0.08525701,0.16494624,-0.0015880456,0.23434368,0.06947716,0.08245203,0.13150916,0.088386446,0.090395175,0.18219677,-0.06212642,-0.04650817,0.07417475,0.050236277,0.1106211,-0.19557706
0.19283953,0.18638375,0.06719049,0.15571909,0.076053806,0.23069456,0.21582344,0.11304455,0.03917803,-0.1057903,0.084767155,-0.14020284,0.3417623,-0.09387806,-0.051072147,0.21823347,-0.0779961,0.042270765
0.2520295,-0.07239973,-0.10955035,0.31295753,-0.16698013,0.0016631456,0.12736176,0.07049648,0.09539612,-0.09195341,0.013968772,-0.017265819,0.3222958,-0.1480115,0.037982382,0.14486818,0.04617266,-0.044621777
-0.15504315,-0.28862682,0.008250952,-0.15466675,-0.2816403,0.016025886,-0.05197078,-0.08423944,-0.07473014,-0.058471486,0.2661004,-0.001827175,-0.14062117,0.032550685,-0.17346945,0.12329193,-0.16864602,-0.0699528
0.22237074,-0.05602547,-0.096253335,-0.09162347,-0.08849441,0.14102238,-0.21629974,-0.0075435145,0.1461272,0.027156714,0.30630457,0.15794009,0.023578143,-0.17413935,-0.06684707,0.07997265,-0.056162566,-0.07611096
-0.14280501,-0.028075319,-0.11979385,-0.036561504,-0.1114403,0.14790927,0.30180734,0.32051837,0.13402608,0.21790579,0.09587302,0.2854365,0.08073895,0.022606352,0.296396,0.14665331,0.32234806,0.06945883
-0.078767896,-0.20486927,-0.24135178,-0.16867994,-0.2108649,0.0637308,-0.037869655,0.15081067,0.020803094,0.11487171,0.054389328,0.17726597,-0.13422918,-0.10443929,0.03158802,-0.0086840065,0.14852381,-0.21313077
-0.06468783,-0.07085882,0.16274318,0.09248058,-0.08224739,0.084448814,0.068231136,-0.0120033845,0.107280955,0.034698743,0.36113405,0.10075551,0.28849238,0.026088119,-0.06187792,0.2320457,-0.17730623,0.264988
0.05167515,-0.18937118,0.04659178,-0.038782515,-0.17680234,0.18369925,0.00803498,-0.121429056,-0.11057341,-0.13276495,0.36084652,-0.11729337,0.15078992,-0.10372423,-0.17991903,0.34012133,-0.22836816,0.10295443
-0.062235393,-0.10435325,-0.07901446,0.068600014,-0.08294737,0.15498927,-0.065727025,-0.2006138,-0.08439189,-0.1294763,0.4078021,-0.070553735,-0.14347923,-0.19403732,-0.21429437,0.25155443,-0.08560846,0.0706656
-0.0112845255,-0.05509624,-0.23337212,-0.0021657438,-0.12120242,0.23735303,0.011738049,0.09316257,0.13698058,0.13130465,0.07142665,0.25192186,-0.11741169,-0.13003911,0.05297973,-0.03818748,0.16604988,-0.2901126
-0.032219224,-0.14562774,-0.20767441,-0.26832032,-0.17242867,0.0319189,-0.06368349,0.16325442,0.038012624,0.124874145,0.101913944,0.28079346,-0.1403132,-0.10502651,0.09258406,-0.034802783,0.15758091,-0.17463964
0.030161008,-0.09090894,-0.042314813,0.08223009,-0.07689959,0.26565295,0.19088049,0.07395728,8.259667e-05,0.08425026,0.24050781,0.010267088,0.11050928,-0.060935937,0.051861823,0.4056914,0.024400793,0.014595198
-0.09495391,-0.16150835,-0.18843645,-0.12815379,-0.17765173,0.1887139,-0.118687324,-0.04565543,-0.19120562,-0.07272319,0.25193772,-0.085828185,-0.1287368,-0.20416889,-0.259418,0.20634148,-0.15185022,-0.1413989
-0.019921327,0.012863895,-0.10140741,-0.09505977,-0.051496066,0.1700272,0.120779194,0.13470879,0.07432462,0.22933823,0.11108571,0.36962196,-0.21948172,0.003762994,0.17704365,-0.01177316,0.28997773,-0.06356169
-0.002751017,-0.13976033,-0.110039465,0.020858832,-0.22168308,0.01606768,0.07968956,0.16235685,0.066565886,0.10433814,0.061664328,0.26698112,0.16863397,-0.08854608,0.039477628,0.011710221,0.075035505,-0.03842962
0.020328656,0.27607006,0.014683925,0.06774181,0.27213666,0.37222546,0.20134008,0.22636136,0.121232495,0.12931895,0.32084793,0.116236284,0.06208448,0.022765517,0.016993228,0.23678339,0.12046712,0.10050283
-0.07685317,0.08346419,-0.14904624,-0.19588336,0.04583814,0.22257277,0.1814416,0.32440197,0.090105966,0.21459806,0.18121372,0.29470217,-0.13016288,0.0874325,0.22993831,0.043362748,0.30953366,-0.00070644263
-0.09846826,-0.23471548,-0.21322381,-0.12181279,-0.24508694,0.056394767,-0.000965938,0.10569693,0.0022087763,0.084275536,0.11138463,0.13226506,-0.15611377,-0.10478875,0.0070238886,0.0573834,0.11335884,-0.19204384
0.052418713,0.23500147,0.11136048,0.11143297,0.15773124,0.28778648,0.15982282,0.15946773,0.09490286,-0.03231194,0.18251196,-0.0528202,0.3658608,-0.12707509,0.0008908827,0.2853499,-0.08489548,0.053125232
0.3284989,-0.10869226,-0.003071106,0.20200251,-0.17287076,0.031180559,0.1883816,-0.14318305,-0.05359026,-0.13576691,0.12532192,-0.23156607,0.2966761,-0.09784137,-0.053445805,0.23813277,-0.18536435,0.065907724
0.13404982,-0.20691231,-0.26215875,-0.20159481,-0.20552935,0.03150057,-0.1313031,0.06839085,0.034074288,0.11817248,0.14403069,0.3106714,-0.11187452,-0.15101519,-0.01638072,-0.0042573437,0.12369981,-0.1813721
0.08239884,0.2849878,0.25604767,0.086844064,0.20447272,0.3832355,0.17012477,0.13016623,0.09765267,-0.10168593,0.20436504,-0.008711628,0.19590496,0.0694584,0.0253079,0.19639485,-0.031495385,0.06981851
-0.097233325,-0.14188802,-0.123863325,-0.0891204,-0.19566262,0.16128814,-0.15392563,0.058299143,0.10611574,0.06915189,0.18247746,0.22876477,-0.15823443,-0.039354317,-0.060086075,-0.020700786,0.04327207,-0.21634373
-0.017635185,-0.058280896,-0.19430572,0.07230997,-0.13954839,0.11585912,0.1387107,0.1044708,0.023833647,0.12594014,0.01584563,0.18499206,-0.17385682,-0.062090293,0.08563501,-0.032524783,0.19817731,-0.20662798
0.15889746,0.37945217,0.09649226,0.16068946,0.32305527,0.35672382,0.3030479,0.31369597,0.13191153,0.08085156,0.114896655,0.08619238,0.1732026,0.016063346,0.22693917,0.29730204,0.30394268,0.14391416
0.02101307,-0.26121044,-0.257495,-0.17458352,-0.25413272,0.048693594,-0.08219585,-0.045102164,0.0061370595,0.070356704,0.16834177,0.106263325,-0.26610905,-0.073957995,0.10932909,-0.0042891316,0.08518043,-0.23451212
0.003773233,-0.19894361,-0.14698225,-0.06067521,-0.19919758,0.11340118,-0.12477607,-0.12286233,-0.062630616,-0.12542064,0.473993,0.020383427,0.054280657,-0.24586673,-0.21599795,0.2201693,-0.13915947,0.09606941
-0.040293686,-0.0875836,-0.18400623,0.0978739,-0.13760704,0.18260232,0.012598602,0.074030794,0.14760907,0.07736796,0.11119183,0.1765428,0.03885863,-0.12880096,0.016187485,0.02114534,0.04024264,-0.2528202
-0.1541571,-0.23303139,-0.2403058,-0.15923005,-0.29877347,0.082525246,-0.22646898,-0.046599105,-0.04282939,0.0385071,0.019339912,0.2185772,-0.19427891,-0.15614271,-0.18241249,-0.0985066,-0.027888296,-0.30719966
0.03195244,0.16959146,-0.051677167,0.06666826,0.08417994,0.1789629,0.259279,0.3695736,0.10795088,0.21324362,0.051409703,0.18870583,0.009916022,0.06181889,0.22349918,0.095618576,0.23970789,-0.028697873
-0.16175163,-0.12491436,-0.26731336,0.022799624,-0.15434815,0.047199115,-0.29399025,-0.063315004,0.13212079,0.037260767,-0.04813857,0.27428454,-0.17190263,-0.20628685,-0.19774698,-0.18908054,-0.010076123,-0.40924856
0.08275065,-0.14742811,-0.08605896,0.056313783,-0.10792324,0.11948341,-0.047137216,-0.12251025,0.0646127,-0.13338274,0.45370382,-0.012162048,0.15279397,-0.12648182,-0.13513376,0.2664142,-0.09670405,0.12840495
-0.07190919,0.18048263,0.009607456,-0.03159993,0.083969444,0.21821252,0.3420022,0.40979406,0.111471504,0.20207274,0.060453933,0.2223412,0.03857288,0.107192785,0.3257207,0.13964531,0.31188965,0.096001774
-0.09794666,-0.21800447,-0.24343123,-0.1934877,-0.21583581,0.053311,-0.07398456,-0.09501636,-0.16273534,-0.10678145,0.21636152,-0.07013424,-0.054720823,-0.18952566,-0.168757,0.20501558,-0.09021374,-0.06475648
0.049745925,-0.16724871,-0.2146134,-0.010933767,-0.20831037,0.07511529,-0.04653315,-0.031495005,0.04872537,0.09090543,0.06505826,0.23742004,-0.107838675,-0.19332176,-0.012677459,-0.04862787,0.06788465,-0.27510527
0.056084752,-0.24402341,-0.14206177,0.048997685,-0.20831698,0.0830929,0.092509575,-0.07944467,-0.03386814,-0.023337105,0.272821,-0.057069752,-0.0843742,-0.009068001,0.17833775,0.28697133,0.1545181,0.069690526
0.010735461,0.059321158,-0.07087371,0.2346662,-0.06414336,-0.062278565,0.27020264,0.056058634,-0.013706164,-0.11129379,-0.09033446,-0.19580153,0.30347943,-0.08157383,-0.05917027,0.08425337,-0.055671632,-0.013931795
0.054590568,-0.04523444,-0.17033437,0.07037546,-0.14133121,0.14270476,0.0095916055,0.10977365,0.12513775,0.09685855,0.008699291,0.17525506,0.016289935,-0.1514985,0.009060176,-0.030729134,0.05368893,-0.26259974
0.15032527,0.12797831,-0.015871279,-0.014626525,0.1317608,0.28605992,0.16923797,0.13479954,0.06052822,-0.07017499,0.37221727,-0.09465314,0.16470249,-0.097335204,0.09903705,0.49146724,0.11211595,0.2172266
0.17077157,0.30084074,0.005585853,0.05717898,0.16811445,0.37564316,0.15988678,0.28662735,0.16720444,0.120855965,-0.056380004,0.21130902,0.04272122,-0.066753685,0.12571253,-0.024007818,0.23624489,-0.1634056
0.030649364,0.15669094,0.12314959,0.099657044,0.15019199,0.26036793,0.12504129,-0.011200482,0.043788448,-0.061918177,0.39351737,-0.080559686,-0.030900404,-0.057789814,-0.05227752,0.41884094,-0.00056599313,0.18849449
-0.0611263,-0.096182935,0.11020322,0.09416376,-0.12609273,0.23257038,0.20781203,0.09380935,0.004097297,0.057703458,0.23093614,0.0999638,0.25196663,0.016479667,-0.008466695,0.15152478,-0.07324782,0.11276263
0.28834024,-0.13047172,-0.02694834,0.11714716,-0.18917322,0.05507333,-0.030833546,-0.07103123,0.041002564,-0.006359504,0.12785578,-0.018017028,0.07423979,0.032622576,-0.081919655,-0.012485035,-0.19278064,-0.15514892
0.033452597,-0.2690152,-0.24609405,-0.042807728,-0.2647552,0.1097687,0.02579264,-0.06994028,-0.07840551,-0.043273,0.30911893,-0.018433364,0.061638925,-0.1479238,-0.071627535,0.16544434,-0.057650834,-0.04782577
-0.13504003,-0.09489039,-0.07766013,0.08392471,-0.114631586,0.18726602,-0.068178326,-0.007907615,0.004980932,-0.13664636,0.3361758,0.08243474,0.056472033,-0.21720505,-0.30983573,0.15959537,-0.092133805,0.06436707
-0.0022290195,-0.017041944,-0.030039784,0.09680955,-0.097712815,0.19491012,0.10488827,0.13519129,0.06937873,0.039664377,0.123989984,0.09726721,0.27250463,-0.12858349,-0.037679125,0.11128162,-0.06964314,-0.04357282
0.023749873,0.22892764,-0.027541857,0.017268136,0.20839927,0.18974665,0.33525705,0.35817784,0.20959933,0.034210604,0.086036265,-0.0066874316,0.35761088,0.011378198,0.2160233,0.3754964,0.20645821,0.15771219
0.12168938,0.26528993,0.20111206,0.18616073,0.123260915,0.28268963,0.1123365,0.11740508,0.2291973,-0.049337275,0.059270628,0.033679627,0.23055767,0.10411687,0.08780312,0.080240324,-0.026884627,-0.060464717
0.21739055,0.33293372,0.36976933,0.38352066,0.17783496,0.14248577,0.33698416,0.21037117,0.30591238,-0.10588256,-0.080951706,-0.08190982,0.44752762,0.17626774,0.0854681,0.24713005,-0.034839686,0.12460822
0.0856667,-0.029517602,-0.1174941,0.10828392,-0.1179689,0.25550497,0.10235929,0.15755706,0.09340483,0.12925144,0.031399086,0.25554177,0.12147616,-0.17674127,0.0014061574,0.014389512,0.089493945,-0.2163959
-0.09477757,0.15651555,-0.05742851,0.11642921,0.028308244,0.30600917,0.120734185,0.22053057,0.17109644,0.09601249,-0.007337137,0.24170828,0.088486046,-0.11177353,0.100388795,-0.031877905,0.18203044,-0.17033565
0.27376795,0.14951397,-0.1454832,0.14505862,0.09936653,0.0924554,0.11174403,0.17966866,0.09609817,0.17751098,-0.014096688,0.034531776,-0.03595353,0.048465572,0.10056183,-0.0066852225,0.079256885,-0.17760229
0.326105,0.3447704,0.13862148,0.2509365,0.25343505,0.09203915,0.1589002,0.18917644,0.30364156,-0.065498486,0.04944278,-0.120083,0.40945846,0.07533717,0.121315,0.3566931,-0.038373496,0.06457193
-0.16514769,-0.1583195,-0.038603902,0.11027311,-0.19617578,0.1344699,-0.08048504,-0.029733159,-0.003018215,-0.14693017,0.26082632,0.019771662,0.08973436,-0.16678047,-0.23379909,0.18806465,-0.16184497,0.018264621
0.17333567,-0.13544177,-0.07533482,0.113727205,-0.0873505,-0.15966174,0.17160106,0.0023192158,0.15194637,-0.10908384,0.21335165,-0.14358556,0.2738633,-0.009151286,0.054210052,0.45707414,-0.03426291,0.17876509
0.1863631,0.35980335,0.19166063,0.16093746,0.20833352,0.17968053,0.15971765,0.08059139,0.18510032,-0.06936814,-0.013151635,-0.115167506,0.33970946,0.10656856,-0.0028678752,0.038291894,-0.14729759,0.0041260105
-0.08286905,-0.08155747,-0.20395082,-0.047814727,-0.11036669,0.11675158,-0.16870835,-0.016318325,0.020175729,0.019539233,0.29316998,0.18833205,-0.22571139,-0.109235846,-0.06232813,0.0077100378,0.037409317,-0.1878005
0.008153261,0.2906717,0.023577947,0.2545885,0.21068221,0.036469147,0.2867188,0.25686574,0.053180434,0.016985435,-0.08149913,-0.14382908,0.36610442,-0.08356817,0.047522187,0.24826059,0.042454813,0.09091316
0.021693625,-0.15032502,-0.11106394,0.025634244,-0.17979884,0.12231156,0.078671604,0.039677963,0.08595693,0.047247782,0.090236336,0.06116958,0.15728281,-0.10377756,-0.0122763645,0.03505473,-0.0707014,-0.1801547
0.31054628,0.2712448,0.28888077,0.26287225,0.16315109,0.0381641,0.2662881,0.011065162,0.16532344,-0.16306344,0.025836058,-0.22769757,0.33586097,0.2531078,0.026746886,0.22596908,-0.13682601,0.17479305
0.06198796,-0.10724525,-0.28863692,-0.14404464,-0.14143646,0.15894186,-0.031616624,0.03132009,-0.015493876,0.13156348,0.1487186,0.2935294,-0.2243818,-0.15746674,0.0680546,-0.045735933,0.23709998,-0.17206785
-0.018327415,-0.17657247,-0.04240647,-0.061958835,-0.17572643,0.15274838,-0.0049049584,0.061134197,0.039531387,0.10816701,0.09952151,0.065512955,0.16570273,0.019266019,-0.020594662,-0.019246709,-0.13689196,-0.083587885
0.2573112,-0.22848447,-0.21455526,-0.16515164,-0.23692842,-0.13377012,-0.21840063,-0.08504358,-0.007094512,0.056743436,0.2054336,0.1009983,-0.14732993,-0.07351249,-0.08938271,-0.02055122,-0.10247296,-0.12348321
0.1593819,0.15351649,0.21750703,0.16143535,0.12815824,0.35336554,0.15057185,0.00051258877,-0.020667862,-0.12712823,0.38058776,-0.095805615,0.07970831,-0.03720124,-0.03557039,0.35304964,-0.011199829,0.1938683
0.16555181,-0.10576935,-0.16871923,0.0123628285,-0.160301,0.1796676,-0.07845543,0.011540474,0.19103724,0.04796563,0.11932559,0.1464192,-0.10406983,0.022933325,0.088202566,0.0069011813,0.055613197,-0.26983505
0.11802761,0.100992255,0.08793993,0.12930334,0.018378928,0.24561262,0.15347406,0.05230974,-0.02323105,-0.10279667,0.17009272,-0.1330938,0.34384283,-0.028823908,-0.053358123,0.17367592,-0.13181925,0.10084182
0.09705329,-0.17415658,-0.021998249,0.21715651,-0.22642592,0.07137635,0.0049397023,-0.051852867,0.07804538,-0.012835246,0.11643397,-0.01284696,0.27604747,0.009235983,-0.12733701,0.013962953,-0.26904392,-0.10618468
-0.025532424,0.007707674,-0.25217026,-0.0923242,-0.026331587,0.2214748,-0.11856328,0.18103075,-0.03600765,0.025551084,0.1724141,0.20488328,-0.15720996,-0.17237145,-0.17268354,-0.14310277,0.13644052,-0.0979433
0.31038833,-0.031587634,-0.025300533,0.1277719,-0.09313232,0.056502603,0.06530483,0.18321323,0.19004601,-0.04859671,0.023670746,-0.026496828,0.29269347,0.008202283,-0.009341893,0.07562888,-0.051866997,-0.11923644
0.0010916567,0.19612758,0.06961887,0.06690529,0.15874562,0.30366525,0.19283491,0.18809733,0.2188527,0.025469884,0.35333663,0.04698123,0.06173902,0.029837444,0.2243465,0.55880284,0.1904829,0.20185918
0.014315575,-0.23382697,-0.1671418,0.06993508,-0.21826977,0.08637752,-0.0112728495,-0.05053999,-0.060989603,-0.097350284,0.1902836,-0.060767863,0.23188552,-0.28876996,-0.16133505,0.27184415,-0.12379019,-0.058219876
-0.16008306,0.17612569,-0.1823985,-0.14615664,0.062079567,0.389331,-0.1553356,0.26615578,0.11446193,0.10041003,-0.058045365,0.3222317,-0.14645073,-0.12859397,-0.09027758,-0.24761876,0.13660628,-0.33329874
-0.019909177,0.20669286,-0.08118913,-0.06158015,0.1844185,0.25403255,0.27286226,0.3280666,0.16565463,0.26653302,0.118761085,0.24945751,-0.1066234,0.27949533,0.35100967,0.04583206,0.34436852,0.07674242
0.003036747,0.034145508,0.15501814,0.18173835,-0.03223938,0.1994684,0.20825955,0.14060435,0.14012071,0.09435023,0.21047702,0.10856125,0.16323155,0.070027895,0.039702985,0.25295788,-0.022135496,0.09892588
-0.12975755,-0.1828564,-0.14907013,-0.010784245,-0.19704312,0.15767682,0.006616112,-0.11783454,-0.19475622,-0.049128503,0.22615558,-0.124786586,-0.045702353,-0.2053133,-0.1571056,0.22131115,-0.12314509,-0.05081945
0.08518682,-0.07018095,-0.16281079,0.030859936,-0.1487655,0.20736846,-0.089064434,0.012924311,0.104555435,0.15326498,0.11456193,0.28775892,-0.20550065,-0.082866624,0.06932488,-0.045798335,0.12101955,-0.29004723
-0.06253396,-0.11726412,-0.27666324,-0.067108,-0.14464556,0.12538257,-0.2086272,0.04526794,0.07833153,0.034230802,0.061203074,0.23161411,-0.18577418,-0.1582076,-0.03747844,-0.024529886,0.12255272,-0.274391
-0.07872771,-0.016510677,-0.065331236,0.030696748,-0.08820352,0.22328857,-0.0020651799,0.31427577,0.26906085,0.15917072,-0.012583274,0.36217207,0.081174605,-0.13962615,0.0049578007,-0.08943167,0.14914906,-0.24087378
-0.025406152,0.008185188,-0.051549762,-0.051569305,-0.019898849,0.25668332,0.028525785,0.10783082,0.06523822,0.058350287,0.32141417,0.122651115,0.050822496,-0.030134778,-0.015229086,0.33465558,-0.003587104,0.010935002
-0.013952746,-0.039007578,-0.1076808,0.07441141,-0.07112214,0.23277512,-0.10222887,0.008778617,-0.05368551,-0.07434703,0.24317825,0.009379663,-0.15384854,-0.27069205,-0.3214777,0.19677067,-0.041977383,-0.08849781
0.018162683,-0.063646674,-0.050268427,-0.015758935,-0.045711447,0.26609343,-0.0053266278,-0.06454433,-0.03832769,-0.025946252,0.39477217,0.045431606,-0.045166902,-0.09950869,-0.122923985,0.19212708,-0.058270805,0.09482236
0.108724356,-0.19360146,-0.29383773,-0.16891697,-0.24633175,0.24597979,-0.11249095,-0.014374475,-0.03992551,0.1254006,0.14009076,0.14425445,-0.29730302,-0.10687449,-0.030911293,-0.010617978,0.07192929,-0.31800428
0.034638077,0.40363482,0.19846877,0.1128256,0.28326762,0.25393802,0.36942595,0.3730993,0.15706013,0.049484573,-0.051117033,0.033669617,0.35641816,0.036458533,0.22742704,0.18450123,0.16673324,0.085596934
-0.024637043,0.0052887816,0.07440767,-0.095078565,-0.025172316,0.39837363,0.010077371,0.10666655,-0.018362576,-0.031766254,0.30121046,0.04581161,-0.06162981,-0.05901454,-0.15406963,0.19488476,-0.021411376,-0.05508849
0.02552839,-0.06695619,-0.19341525,-0.2588827,-0.048860837,0.21572073,0.018115705,0.15485887,0.07454604,0.22654927,0.13460615,0.20187093,-0.23837335,0.09421253,0.18041232,0.012176062,0.17532912,-0.14812881
-0.011682553,-0.18529376,-0.1670827,-0.15136115,-0.19938809,0.11953322,-0.16082299,-0.0077602146,-0.012609986,0.05444202,0.15962845,0.0871822,-0.073491395,-0.021228073,-0.058537297,-0.04582355,-0.11185184,-0.2005389
0.10900481,0.0472689,0.109375,0.021555278,0.04738622,0.37470466,0.14601195,0.00013444852,-0.093223006,-0.13748375,0.34067348,-0.19906487,0.22186083,-0.11200155,-0.14886421,0.3733487,-0.109630756,0.21236083
0.08191724,-0.21854782,-0.15256396,-0.018026272,-0.20904356,0.056814283,-0.061056167,-0.08920203,0.17391694,0.009266125,0.26110438,0.16368395,-0.067439295,-0.023740962,0.03207066,0.09490636,-0.002602377,-0.17040011
0.025442567,0.068964876,-0.09984695,0.112787046,-0.014999934,0.31488404,0.039745778,0.093710035,0.12295087,0.11658166,0.021281902,0.19269007,0.063241705,-0.13228536,-0.009710253,-0.081535116,0.05543201,-0.2461614
0.042377267,-0.0391622,0.038857535,0.35668898,-0.071314245,0.049557228,0.1976631,0.039440226,0.0051380442,-0.040987052,0.15388563,-0.12918034,0.2922607,-0.10023701,-0.0921312,0.44179535,-0.1431453,0.026653245
-0.017355908,-0.030025855,-0.17316055,-0.03773194,-0.11803509,0.19758287,-0.0002203472,0.24924347,0.13716361,0.15869549,0.057742447,0.25691855,-0.055191517,-0.0757547,0.059920587,-0.005997929,0.12830472,-0.27066213
0.1520634,-0.007120886,-0.009855878,-0.11393216,-0.04154362,0.21645848,-0.18104991,0.030645806,0.08164324,0.035394497,0.22778025,0.12753733,-0.0014512436,-0.11193521,-0.12526411,0.01414942,-0.13543653,-0.15309276
0.17079255,0.32130054,0.36228144,0.24262586,0.1727451,0.2943406,0.22215876,0.08221062,0.21419975,-0.14212288,0.007633102,-0.058053087,0.36460233,0.14224562,0.020629087,0.10906444,-0.10834007,0.034729917
-0.1394515,-0.1247396,-0.092081875,-0.010905491,-0.16855587,0.08246609,0.15019588,0.20107596,0.114989735,0.048111036,0.15719035,0.1069231,0.099840835,0.06324227,0.060108997,0.15159807,0.07323347,-0.0010902714
-0.18775663,0.10364689,0.08804213,-0.031740308,-0.01373214,0.34449646,-0.1314977,0.11213532,0.008148369,0.059417605,-0.076679915,0.124411315,-0.066823885,0.048700303,-0.24612252,-0.16437484,-0.1893978,-0.26066184
0.34076536,-0.058482576,-0.21582568,-0.013783377,-0.13060434,0.15967494,-0.13761556,0.073979884,0.08936778,0.109506056,0.061643288,0.16069163,-0.08921604,-0.08004055,-0.03853661,-0.073969744,0.010806399,-0.29315656
-0.023107177,0.066402204,-0.18768421,-0.09981285,0.004650998,0.3078656,0.0750585,0.11895816,0.12178436,0.10219449,0.15993291,0.21658331,-0.058531627,-0.025166364,0.1111826,-0.0027758945,0.16047919,-0.16468742
-0.012857916,0.074575104,-0.080901556,-0.07267698,0.06146418,0.26262385,0.06261861,0.35020167,0.16198134,0.18019927,0.22900525,0.2998218,0.04656395,-0.09039715,0.02948566,0.17008908,0.13253218,-0.025340127
-0.07563482,0.1754562,0.026482055,0.053071737,0.114629075,0.30641043,-0.034966037,0.11416014,0.07214919,0.22233441,0.10538671,0.22256482,-0.23127358,0.1410341,0.062607065,-0.07266517,0.08105946,-0.17286526
0.08307146,-0.2450882,-0.17340375,0.020781279,-0.22040386,0.19341503,-0.0131509,-0.093871966,-0.11077979,-0.07798569,0.3880665,-0.021497317,0.00013270322,-0.16591597,-0.16130708,0.14745256,-0.07963053,0.0059708226
0.044181123,0.050654005,0.051412143,0.15287966,0.027897153,0.36528736,0.07805245,0.02976281,0.044489697,-0.067781255,0.3641032,0.012368356,0.17776966,-0.14807579,-0.08763958,0.22562402,-0.032592744,0.087904096
-0.015006637,0.29462343,0.01663036,0.15432438,0.16101095,0.30828464,0.22214574,0.26910174,0.07889425,0.05489675,-0.036107518,0.07652086,0.18267237,-0.112085484,0.05490193,0.036845244,0.11784075,-0.08543995
-0.08174967,-0.112660654,-0.15465608,-0.19490254,-0.1739535,0.26628524,-0.11939581,0.11824028,-0.09473502,0.11168562,-0.09537582,0.19733118,-0.09365978,-0.18755263,-0.23712951,-0.17840075,-0.03810353,-0.28846213
0.114629954,0.2983204,0.09977321,0.09445046,0.17299733,0.35733804,0.09497825,0.23456457,0.18363044,0.074729964,0.035684027,0.15987056,0.117824055,0.022180118,0.090012446,-0.06967254,0.09643513,-0.07328132
-0.11183518,0.22623423,0.10143259,0.103273496,0.105042696,0.3605534,0.21764907,0.27227953,0.28672755,0.109430835,0.11650419,0.18293318,0.09851104,0.26033115,0.22502442,0.20366171,0.1611194,0.014861472
0.0417176,0.2679024,0.10752936,0.06972336,0.19608176,0.30635568,0.12420851,0.31201902,0.2624717,0.11752765,0.068730235,0.23119658,-0.034720637,0.17787546,0.18876019,0.17640781,0.25146133,-0.048790697
-0.033910494,0.04234011,-0.11524777,0.08377873,0.02901309,0.12802222,0.11209728,0.1670578,0.078729026,0.20665345,0.14020917,0.14239219,-0.06612987,-0.08625666,0.06962112,0.26107454,0.0883994,-0.14471143
-0.010774942,-0.030834764,-0.1696781,-0.029764445,-0.100840665,0.22590595,0.0029785568,0.14635637,0.31919292,0.10972593,0.09716016,0.28178954,-0.05662585,0.0021133218,0.12572396,0.022499792,0.1571024,-0.30621096
0.030863315,-0.07216993,-0.20445332,-0.02238249,-0.10941224,0.15457575,-0.04460584,0.049942598,0.08867401,0.12508585,0.123259485,0.3322837,-0.05728448,-0.16289654,0.07449637,-0.08567043,0.16380997,-0.16758904
0.03147548,-0.20464194,-0.18599242,0.12233375,-0.22446832,0.124169484,0.030354751,-0.05579125,-0.079569936,-0.0241132,0.23507725,0.04432598,0.06763105,-0.23047939,-0.07173337,0.15136285,-0.030134931,-0.080486774
-0.14634442,0.012110104,-0.25613862,-0.13682385,-0.05119019,0.20288539,-0.0010118308,0.1992341,0.047931157,0.1587475,0.06462071,0.30443925,-0.17928946,-0.14573951,0.0032232506,-0.089513525,0.24099179,-0.24537298
0.06466191,-0.1313062,0.08467144,0.17912999,-0.13561225,-0.019106627,0.22836545,-0.051088355,0.037476055,-0.07876641,0.211945,-0.18148378,0.33955514,0.074331485,0.033990797,0.36724055,-0.16339152,0.20967035
0.19791648,-0.19043127,-0.2154935,0.08111552,-0.20024991,0.15629652,-0.046905164,-0.07820991,-0.08590178,0.00909466,0.0668071,-0.012298377,-0.15125605,-0.16819783,-0.13710684,0.13920465,-0.026772428,-0.2844402
-0.006312175,0.024469893,0.0042385035,0.01138435,-0.04290933,0.30446374,0.021674275,0.15919462,0.085233405,0.08103552,0.05204658,0.101569474,0.10173936,0.040386897,-0.030044038,-0.047019474,-0.08270249,-0.21705563
0.03918074,-0.22372241,-0.27522862,-0.112229645,-0.24663582,0.027861463,-0.047712386,0.011205686,0.0023993575,0.10186075,0.09785737,0.23548266,-0.08064389,-0.17400502,-0.019655827,-0.07078779,0.05129546,-0.2338839
0.3414846,0.34594733,0.03484707,-0.055593245,0.2732165,0.23432875,0.19232133,0.37949377,0.16981772,0.12896127,0.1184431,0.15541239,-0.03375057,0.03262695,0.257826,0.2657264,0.3297149,0.024634127
-0.16873902,-0.2796084,-0.29344532,-0.19779193,-0.3111295,0.018222177,-0.27541405,-0.16698839,-0.046548977,-0.050925154,0.021544233,0.10548314,-0.20226166,-0.044485662,-0.16228533,-0.15949176,-0.0923972,-0.29018727
-0.15060979,-0.06649449,-0.20614113,-0.07186173,-0.09116247,0.17212108,-0.052891083,-0.073681474,-0.18995444,-0.13632467,0.25993532,-0.025128867,-0.08944216,-0.26047695,-0.26937065,0.15986663,-0.058147795,0.005983914
-0.040485185,0.2507056,-0.088980705,-0.047208827,0.18718776,0.24933279,0.021229502,0.2983203,0.23206721,0.2653284,0.14076903,0.4305504,-0.11271475,-0.04744361,0.2909302,0.106101096,0.38022465,-0.07017207
0.13977635,-0.10535379,-0.14976591,-0.046258066,-0.13074914,0.15845937,-0.02233725,-0.016573325,0.007923571,0.053925857,0.07310782,0.043291423,0.018912278,-0.08508739,-0.06287838,-0.07631639,-0.078590065,-0.20696926
-0.08842987,-0.08681777,-0.09587328,-0.113726795,-0.08323784,0.17736274,0.11696386,0.07092276,-0.025531286,0.07759029,0.31707698,0.11424245,-0.15753365,-0.003470182,0.2049091,0.31985644,0.22607669,0.10078567
0.1305122,-0.14660726,-0.04405717,0.16321617,-0.22700283,0.13340497,0.07306007,-0.014345465,0.072148815,0.062081847,0.03176308,0.13856223,0.17134088,-0.064861506,-0.071072064,-0.033702154,-0.104109675,-0.18736099
0.13321666,-0.09786442,0.084668696,0.25227463,-0.19100411,0.14959209,0.06693155,0.03784293,0.095498875,-0.015196013,0.11135332,0.018090561,0.2382696,-0.012234305,-0.07584425,0.1262222,-0.1753166,-0.11671858
-0.15685545,-0.25376758,-0.3295452,-0.105792955,-0.32107803,0.060591117,-0.14147615,0.022935994,-0.077472135,0.07823012,0.04262744,0.23561668,-0.24262723,-0.10282395,-0.08023522,-0.1512287,0.095074974,-0.26334125
0.045417935,-0.03172929,-0.19893382,0.0011318137,-0.0670971,0.23925743,-0.005083372,0.035389,0.1645372,0.07179489,0.108713895,0.20430908,0.04657889,-0.058746003,0.02794768,0.010383139,0.05097767,-0.24135768
-0.04451803,-0.18773174,-0.11223947,0.045145087,-0.20619947,0.117652945,0.15762374,0.011196373,-0.09727844,-0.10293205,0.25193527,-0.2039493,0.13567883,-0.10872868,-0.08071715,0.36700636,-0.077733785,0.057042986
-0.032418724,0.017576382,-0.054043002,0.16678649,-0.08505003,0.22056878,0.078139365,0.15361968,0.13473234,0.019343724,0.14968893,0.04385754,0.1533724,-0.038752556,0.009695524,0.1149096,-0.03425439,-0.113083825
-0.08287637,-0.3052133,-0.28189617,-0.20150822,-0.33663398,0.0085599115,-0.19549617,-0.09975833,-0.15712774,-0.024134984,0.12925315,0.0976454,-0.13357711,-0.25066304,-0.2267441,0.053224407,-0.11264506,-0.2006304
-0.11083689,-0.14973769,-0.12525275,0.003327453,-0.19786908,0.16285923,0.07002619,0.062945664,-0.03519322,0.03428097,0.123549074,0.011751406,-0.14791264,-0.026312629,-0.021058513,0.1076086,0.0464363,-0.18462676
-0.21951222,-0.17937458,-0.23170447,-0.05244775,-0.2164365,0.13713877,-0.16218737,-0.06831968,-0.11671391,-0.13620451,0.29736677,0.05280547,-0.14663433,-0.20349824,-0.30343688,0.06387439,-0.088069536,-0.03307675
0.004493929,-0.04219559,-0.14636035,-0.13397689,-0.11974751,0.23504135,-0.13410234,0.12114278,0.14022735,0.1794363,0.044639334,0.3956225,-0.18837526,-0.138962,0.010173022,-0.08852125,0.10237643,-0.35161424
-0.12171376,-0.050934874,0.058517814,0.097864725,-0.12619516,0.19280435,0.09586892,-0.04032255,0.10677187,-0.029010504,0.22263676,0.068239056,0.013910515,0.23531398,0.009296137,-0.022599675,-0.079459324,-0.018527623
0.004646132,0.045313347,-0.23168942,-0.072079435,-0.040851843,0.2657349,-0.01086375,0.18987644,0.09647366,0.21037567,0.072622955,0.3616883,-0.13174854,-0.19955763,0.043324143,-0.10474675,0.20511907,-0.26105192
0.16503325,-0.21145135,-0.096937746,-0.1891267,-0.19562484,0.0960639,0.01337376,-0.040512986,-0.05392573,0.07975647,0.28274804,-0.020063441,-0.23081204,0.14884898,0.041143283,0.13183789,0.02175929,0.022179
-0.041743226,0.0022067074,-0.03184156,0.11805923,-0.08548951,0.2865479,0.098368585,0.17294973,0.11121209,0.07914071,0.08970125,0.15177748,0.20973706,-0.098428205,-0.04485195,-0.008742745,-0.037693538,-0.14815326
-0.038977396,-0.14671825,-0.05951257,0.075176395,-0.13825004,0.15086699,0.18167129,-0.057486378,-0.14018464,-0.029281186,0.33953947,-0.09026725,0.04355508,-0.17803055,-0.010154234,0.43639958,0.0017200278,0.130276
0.0067344652,-0.14107873,-0.19939595,-0.0010994204,-0.18419263,0.09964118,0.10827834,0.05689726,0.043538343,0.07112176,0.16075554,0.1343764,0.00046847854,-0.05791776,0.13525371,0.07310839,0.123721406,-0.06982479
0.029136123,-0.15302226,-0.23606858,-0.08593539,-0.20015746,0.11764595,-0.062176164,0.025424562,0.00059876917,0.07992248,0.099611774,0.13011792,-0.08030482,-0.14582938,-0.013368341,-0.030812545,0.012629115,-0.25118563
-0.023805128,0.22099893,0.12051824,0.06406315,0.12204884,0.35177156,0.10321854,0.28680858,0.18330199,0.28839862,0.09876457,0.46302843,-0.1784407,0.13618445,0.23585403,0.0110730175,0.2973346,-0.0738478
0.009883603,-0.2287009,-0.21544184,-0.15058842,-0.24780405,-0.016931394,-0.07237296,-0.040719785,0.015923664,0.0877738,0.04530852,0.15184635,-0.14750005,-0.11466125,0.07881431,-0.058232874,0.056128167,-0.22431049
-0.0056192973,-0.28079453,-0.26536858,-0.2831896,-0.26996785,0.045706842,-0.19424435,-0.20268387,-0.24133316,-0.09192091,0.3839305,-0.096677974,-0.16507855,-0.2418686,-0.22671297,0.12600783,-0.2045871,-0.034410216
-0.060725227,-0.072384804,0.14984539,0.39472315,-0.188822,0.11451127,0.22057673,-0.027790733,0.14514887,-0.054709192,0.10211803,0.03609216,0.024776535,0.11046043,0.09320901,0.17977299,0.0287557,-0.07127185
0.040165015,-0.18835095,-0.26948398,-0.102823764,-0.20817475,0.077717155,-0.005206623,-0.029378735,-0.039087974,0.063864954,0.11179068,0.10743304,-0.15582477,-0.13284051,0.032528214,-0.008083496,0.084053785,-0.20352203
0.0045165336,-0.29914573,-0.19360012,-0.18580796,-0.2839251,0.031816173,-0.13052636,-0.23633617,-0.28048646,-0.09060609,0.37033015,-0.123882696,-0.099570066,-0.21694824,-0.20149869,0.13930452,-0.21639971,0.03261639
0.024776187,-0.076291926,-0.07883608,0.10777341,-0.15096542,0.13226342,0.044860765,0.06730388,0.095436156,0.016473968,0.06693977,0.028284859,0.16008602,-0.09766966,-0.050883323,0.05993306,-0.10134223,-0.19183113
0.14097399,-0.27063558,-0.2792443,-0.04493862,-0.27057916,0.029007103,-0.0655016,-0.10101728,-0.046928074,0.01387226,0.17400047,0.024718393,-0.10885222,-0.23622334,-0.031079102,0.09458606,-0.012273906,-0.2010653
-0.06888978,0.15787312,0.050947398,0.081957,0.10623433,0.20588773,0.35328096,0.3010667,0.09678821,0.20871684,0.14213198,0.19075245,-0.13530234,0.23839752,0.37238067,0.1366139,0.3847273,0.16372994
-0.09323163,-0.21833664,-0.22689497,-0.14970824,-0.22855629,0.042465936,-0.14899665,-0.11199604,0.0011398278,0.10181751,0.22960243,0.15743779,-0.22044238,-0.017677749,0.03780009,0.11287175,0.01122112,-0.13713466
-0.1483681,-0.34430134,-0.3290545,-0.05348602,-0.33655256,-0.017600795,-0.20690951,-0.2302962,-0.23302424,-0.116942726,0.19806096,-0.021410804,-0.18366364,-0.23154142,-0.25996262,0.003463951,-0.11263585,-0.10649173
0.13614348,0.43318325,0.036956634,0.07379411,0.42110008,0.38757253,0.103771284,0.30621773,0.21391183,0.28819886,0.029507956,0.3126653,-0.12742504,0.015030858,0.23166639,0.02559684,0.3043064,-0.1712257
-0.038370717,0.20286588,0.22165844,0.4293763,0.13237697,0.14798832,0.4243191,0.25946268,0.1349254,0.005474728,0.007950547,0.074785605,0.3835928,0.0055507054,0.15666902,0.35923037,0.15069713,0.15333188
-0.16808744,-0.21696062,-0.34640047,-0.15588844,-0.29494703,0.14603002,-0.22495756,0.02252287,-0.07694882,0.07112187,0.020156208,0.24485701,-0.20010759,-0.14450623,-0.13095275,-0.24096614,0.061064333,-0.26988378
0.065478474,0.08016084,-0.025887651,0.018886011,0.069210984,0.32753527,0.20212165,0.17021045,0.042510103,0.036265127,0.28837514,-0.03422846,0.22944702,-0.14481999,0.04589923,0.4458242,0.035877433,0.069130465
-0.042437546,0.03320095,0.13671452,0.24405608,-0.07853168,0.26759717,0.19825873,0.23170926,0.18048029,-0.01479434,0.036207158,0.075092755,0.15630865,0.05259303,0.04102771,0.17730972,0.054979034,-0.10065967
0.28237286,-0.114945844,0.047364175,0.093941085,-0.10122496,0.09284549,-0.013535389,-0.11960945,0.042930856,-0.16033888,0.3932345,-0.07912344,0.18511337,-0.053763047,-0.16881093,0.28518295,-0.18184467,0.16688174
0.07154237,-0.06257577,-0.121237375,0.012025505,-0.10942322,0.20098452,0.04822438,0.14100675,0.15832065,0.026973385,0.21729761,0.098047316,0.2048662,-0.08058989,-0.017519733,0.102883354,-0.031211555,-0.0760086
0.07353044,0.0820453,0.1972419,0.2115458,0.07575809,0.29121107,0.25483832,0.06505865,0.06576821,-0.054142423,0.3235414,-0.025643636,0.20434682,-0.005872349,0.061744906,0.5148664,0.03502531,0.25197208
-0.03838809,-0.1594187,-0.14923522,0.022600008,-0.1416288,0.23474361,0.005072251,-0.1400643,-0.11566366,-0.19178113,0.366809,-0.06367797,0.0026576985,-0.17945811,-0.24657473,0.29627907,-0.05031218,0.12500729
0.24834374,0.101311296,-0.03910412,0.19374904,0.020182602,0.19424546,0.13414828,0.18365397,0.29220337,0.064461075,0.023064343,0.13974717,0.1226891,0.07022543,0.08048892,0.06896348,0.08362427,-0.16150348
-0.014692769,0.07673739,-0.20778255,-0.12366979,0.009162805,0.35925594,-0.07597501,0.2068708,0.13248815,0.18062791,0.09505825,0.38075092,-0.1077742,-0.13665366,0.044359557,-0.14922431,0.19107038,-0.27893722
0.0006686076,0.13022694,-0.1181614,0.09662072,0.01951905,0.28109276,0.07909048,0.15331997,0.070880964,0.10152313,0.029146105,0.112056606,0.027308645,-0.1256637,0.017788084,-0.026057985,0.06306369,-0.22791049
-0.054572437,0.061860424,0.022031292,0.052512877,-0.033113103,0.20974623,0.07870705,0.22263539,0.23421964,0.2800151,0.10179702,0.49119002,-0.15417904,0.15253499,0.2249974,0.029890928,0.29381186,-0.04548064
-0.057392776,-0.07986575,-0.18685305,-0.12110971,-0.053507745,0.2181206,-0.07688196,0.039869882,0.110575244,0.18357894,0.29579005,0.31817427,-0.16933042,-0.052376255,0.07010302,0.02964228,0.15668382,-0.09459147
0.067188114,-0.0955231,-0.17057925,-0.11653097,-0.15269145,0.18587542,0.047069155,0.033362545,-0.056532122,0.038336933,0.1764001,-0.01125581,-0.09033464,-0.061750486,-0.03850904,0.1721923,-0.018940618,-0.14753076
0.107064955,-0.22014102,-0.25230157,-0.13501705,-0.23287803,0.048040688,-0.0928051,-0.025669165,0.010850655,0.04894933,0.13409682,0.059288576,-0.18039924,-0.10631006,0.033452675,0.045033783,0.03515612,-0.23248535
-0.06555139,0.06971743,-0.21917985,-0.17156285,-0.011542316,0.3126727,-0.06402263,0.1987932,0.10043105,0.19244567,0.06100896,0.2590104,-0.22490133,-0.03691991,0.076769456,-0.14814319,0.13675655,-0.31101435
-0.0053552855,-0.25945154,-0.20712125,-0.03035108,-0.25528187,0.15040353,-0.06918731,-0.14912638,-0.18403187,-0.17497289,0.31365526,-0.14457652,0.048196595,-0.23695257,-0.31158847,0.26277134,-0.17586538,0.0130683845
-0.06379142,0.16029784,0.17721862,-0.058838703,0.12062082,0.37725535,0.17749843,0.124906905,-0.08393665,-0.02023058,0.323524,-0.043602467,0.026585868,-0.05176783,-0.043136984,0.35797596,-0.012804084,0.1710616
-0.06254229,-0.079621494,-0.246673,-0.11850016,-0.15375523,0.15988523,-0.027292915,0.16368769,0.06562288,0.1390627,0.1319164,0.27096075,-0.15983419,-0.08024666,0.07026113,-0.050352834,0.17613816,-0.20379704
-0.0056683295,-0.26077488,-0.18087104,0.012176331,-0.24196091,0.13577719,-0.051551916,-0.10491607,-0.08597338,-0.059722766,0.35231537,-0.010803979,0.053239923,-0.25801677,-0.22557524,0.28088894,-0.15487914,-0.077867135
-0.047746986,0.2116012,0.20773101,0.22241066,0.16429678,0.33278787,0.3267152,0.07855664,0.022245338,-0.15390158,0.2736708,-0.12789378,0.4608255,-0.051325668,0.033693157,0.44506264,0.0017559556,0.30681157
0.04036232,-0.15124154,-0.18672284,0.15841061,-0.21291722,0.08471135,0.06779499,-0.030217187,-0.05151999,-0.025805078,0.23727444,-0.010006984,0.07413625,-0.19669375,-0.00012397394,0.17411421,0.024741374,-0.037210412
0.075454146,-0.14625221,-0.357644,-0.23594445,-0.14649957,0.2201888,-0.27468696,-0.034008093,0.09961921,0.09525954,0.17030884,0.24189928,-0.27633318,-0.09476634,-0.08297443,-0.1675657,0.051816463,-0.3717392
0.06342982,-0.12869647,-0.22725886,-0.070571974,-0.16457161,0.05493407,-0.009122362,0.102481216,0.011352903,0.106736,0.10474919,0.23103476,-0.08950275,-0.21434045,0.038872782,0.07817875,0.13643008,-0.19048339
0.03217855,-0.15576217,-0.014158841,0.109394394,-0.1717915,0.16174012,0.054712027,-0.03974703,0.008276168,0.1210655,0.21489061,0.10717555,0.028785884,0.0092222355,-0.038347162,0.10546866,-0.082390584,-0.041319046
-0.09317431,-0.19434234,-0.1555315,-0.19550858,-0.243901,0.09120762,-0.05359864,0.14241843,0.0020041196,0.035573512,0.08869092,0.19299266,-0.11749136,-0.11338538,-0.008435405,0.049965616,0.12140606,-0.16427667
-0.03452247,0.1402713,-0.18312262,-0.10711205,0.13209188,0.2701058,-0.03534841,0.23660925,0.3007092,0.22540985,0.22845688,0.33398843,-0.18079159,0.058136143,0.13181344,0.08393278,0.22413778,-0.1617146
0.08016805,0.323768,0.33798558,0.115484744,0.3309813,0.39806604,0.14803189,0.13171661,0.08560586,-0.0799772,0.31032133,-0.00031646388,0.22835565,0.009930948,-0.024017101,0.35690552,-0.012205337,0.26615763
0.24501066,0.33461273,0.33700252,0.28910828,0.26860702,0.24610227,0.41375762,0.2545068,0.24993564,-0.1019602,0.05149532,-0.07694388,0.4695946,0.15192884,0.13902509,0.42312714,0.028911812,0.17341426
0.37632495,0.3909122,0.13730197,0.18671635,0.31650347,0.3452953,0.10022548,0.2616998,0.13529515,0.1312882,0.015942616,0.07971423,0.115760356,0.1444258,0.06594391,0.05604414,0.03323318,-0.07459868
-0.009492071,-0.19197112,-0.25633788,-0.09157486,-0.23324938,0.09091223,-0.012594204,-0.014097565,-0.02434567,0.07052499,0.17859465,0.1747714,-0.2153294,-0.11209234,0.07308155,0.031062867,0.13585651,-0.18050969
0.09021629,-0.07011504,-0.20185918,-0.0056739124,-0.13228196,0.17147267,-0.09190644,0.07380107,0.11462265,0.066299364,0.06781644,0.1507119,-0.052405655,-0.14635287,0.037052307,0.037083536,0.07560898,-0.25107208
-0.059003033,0.120785475,-0.14116019,-0.11917897,0.068445355,0.34286237,0.06077815,0.14454399,0.15889764,0.17869803,0.32331288,0.3433233,-0.28381905,0.10344213,0.2764786,0.05638541,0.37960953,-0.004776077
0.03747591,-0.064285666,-0.102597944,0.1052807,-0.17413478,0.15888119,0.075905055,0.06627718,0.10456364,0.0848284,0.10040657,0.23276708,0.023750214,-0.09298398,0.028167866,0.09044096,0.074164405,-0.15821224
0.3259856,0.1481239,0.13583241,0.008290151,0.11955646,0.15892527,0.17237371,0.09865976,0.17423047,-0.055803,0.20768274,-0.08951365,0.3349267,-0.0511899,0.094793096,0.47285318,-0.074559785,0.09684649
0.004233003,-0.13020945,-0.08475441,0.10979201,-0.1661517,0.20744887,0.10188234,-0.0013863337,0.031762235,0.02199463,0.09372769,0.017114809,0.09004329,-0.10401049,-0.041850384,0.10870497,-0.077022724,-0.20748228
-0.11797774,0.045784555,-0.15143242,0.119078934,0.038785398,0.24203604,-0.0067822505,0.07486263,0.017499957,0.1417413,0.1656839,0.18371576,-0.14654356,-0.08528264,-0.050028138,-0.13006541,0.11987047,-0.17721103
-0.10127418,-0.09351285,-0.13312687,-0.12449855,-0.1278019,0.15812325,0.043363284,0.007068078,0.05455091,0.11800623,0.2698074,0.22398199,-0.12439855,0.013676105,0.21942237,0.20554966,0.21111062,0.03251779
0.18400308,0.14680314,-0.030307472,-0.00827802,0.13005376,0.36884826,0.15519863,0.03199553,-0.071429685,-0.03438986,0.30268592,-0.009834675,-0.03135298,-0.08857185,-0.011761088,0.19760776,0.09117487,0.02131238
-0.04824653,-0.00011570938,-0.1357997,0.065063186,-0.027253108,0.24915648,0.022783574,0.09240419,0.24623676,0.20195442,0.20332691,0.35473952,-0.0708752,-0.043511674,0.11346915,0.07014941,0.17723265,-0.20012474
-0.03528308,-0.07207949,-0.113468796,-0.009389937,-0.101278104,0.29437974,0.02470226,0.016416179,-0.03741478,-0.0650511,0.39576757,0.09326981,0.11242105,-0.2494562,-0.142468,0.26903936,-0.024384186,0.048753105
0.06772867,-0.2665039,-0.24148516,0.042810366,-0.28458875,0.00050170254,-0.05305757,-0.08565858,-0.022350643,0.07867654,0.08147851,0.119740516,-0.13351883,-0.14263332,0.017111517,0.021966234,0.014869096,-0.2664435
-0.24754918,-0.23511773,-0.29291666,-0.17882343,-0.31066847,0.04879608,-0.13459271,0.07743346,-0.02567356,0.059837226,0.12488991,0.2824015,-0.20574647,-0.21201903,0.003131853,-0.021239484,0.17971629,-0.12757255
-0.15704297,-0.0773286,-0.2558207,-0.021357559,-0.13924374,0.20988254,-0.06121274,0.030601762,0.027771642,0.11963825,-0.06928084,0.15958032,-0.17824692,-0.13623682,-0.033709582,-0.2911991,0.10235454,-0.29057676
0.16714115,-0.028456228,-0.062140122,-0.164761,-0.055784307,0.18092412,-0.03978919,0.14796774,0.016526401,0.023288818,0.24107222,0.052849665,0.14453536,-0.13922524,-0.09018871,0.18305305,-0.07926815,-0.024186326
0.021673292,-0.14519727,-0.18237105,-0.124052525,-0.14683348,0.12605733,-0.16421211,-0.034639485,-0.09385903,-0.04838413,0.329311,0.033526532,-0.050682016,-0.26485324,-0.16388968,0.24282107,-0.09800922,-0.1044015
0.14376473,0.113319464,-0.07254475,0.03718814,0.07220441,0.30226392,0.27604556,0.2284991,0.084827706,0.04529199,0.23324792,0.1668146,0.17146564,-0.1130894,0.16665155,0.23293693,0.27173534,0.11529513
0.12655337,-0.11794998,0.03706882,0.2716092,-0.1765807,0.13739687,-0.016385451,-0.029075436,0.27622986,-0.000336017,0.08410446,0.13603473,0.14935195,0.08364313,0.036731455,0.051195294,-0.080992535,-0.18806121
0.0120190475,-0.025126886,-0.2088565,0.032157127,-0.08511587,0.16443148,0.024086583,0.085536525,0.08692303,0.087443925,0.035809997,0.13460687,-0.05426817,-0.11630829,0.055948064,-0.046068892,0.110553,-0.22782564
0.2849797,-0.20014343,-0.15892816,-0.09673778,-0.24920264,0.124684006,-0.1387819,-0.044739548,0.0469134,0.05639837,0.17985123,0.12434718,-0.18110548,-0.029478634,0.0012662169,0.03658427,-0.010347526,-0.2669408
0.062447622,0.18982598,0.08187033,0.2964306,0.07188674,0.21507563,0.27261078,0.03545444,0.085837506,-0.15645719,0.029101636,-0.112757415,0.2827226,-0.011086972,-0.0005607931,0.25307316,0.014036022,-0.0029654787
-0.065976314,0.120188326,-0.12399154,-0.039398655,0.016542267,0.33839238,-0.12050681,0.21518427,0.0771315,0.14936161,-0.06547561,0.3423804,-0.05634585,-0.2205762,-0.06576003,-0.16765046,0.16066173,-0.27817088
0.023001514,-0.112086594,-0.24881287,-0.085720435,-0.14756364,0.072442636,-0.00956856,0.04792328,-0.009674932,0.04651074,0.15086034,0.086762086,-0.15305032,-0.18766375,0.107561074,0.11193032,0.15311652,-0.15915763
0.06216642,0.29305452,0.042415198,0.08473312,0.16946405,0.26560205,0.2719661,0.22329152,0.1127125,-0.0655915,0.04923024,-0.027708812,0.21307181,0.00096749887,0.17281827,0.21153243,0.18710552,0.06065716
0.10772519,0.3251831,-0.027242664,0.029224072,0.192063,0.290551,0.24529406,0.2900656,0.16840315,0.0011603897,-0.0038586203,0.035147414,0.17401789,-0.039065324,0.21301153,0.17203636,0.26510552,0.0045785257
-0.1767267,0.009307674,-0.24567363,0.008599488,-0.12983534,0.2552901,-0.19102561,0.07458494,0.04081556,0.09551594,-0.023625463,0.25572345,-0.23030716,-0.14508747,-0.19424321,-0.19306184,0.02710415,-0.3818736
0.06273832,-0.22494528,-0.24716833,-0.10551261,-0.20491734,0.12709388,-0.026842145,-0.10111377,-0.17515036,-0.054123558,0.3735947,-0.08657721,-0.070998095,-0.16851768,-0.07675295,0.12046741,-0.06020999,0.024255404
0.04535253,-0.04810857,-0.1990673,-0.0108962385,-0.13742101,0.12788983,0.03282662,0.114865236,0.062158298,0.127655,0.10082643,0.22577202,-0.17514199,-0.116778046,0.17361368,0.017304538,0.23284833,-0.15580612
-0.036777467,0.019944437,-0.14665341,-0.15178928,0.0066505354,0.13442445,0.06142856,0.24390253,0.097785056,0.2921946,0.13283134,0.45000854,-0.21825196,-0.07845385,0.19958448,0.04183059,0.33861285,-0.07159032
0.30684167,0.24133602,0.19332339,0.24047111,0.14326164,0.01835756,0.23939995,0.05051516,0.12955461,-0.10851368,-0.013718007,-0.16965097,0.22424936,0.12794507,0.0076449923,0.1788195,-0.06829791,0.009902388
0.11448484,-0.22210477,-0.029070985,-0.07642986,-0.22451891,0.036286976,0.0040899497,-0.08606538,0.016258197,-0.13249186,0.32754374,-0.11224155,0.037046384,-0.07458648,-0.13623558,0.39142978,-0.18106484,0.021296203
-0.0039219223,-0.20398268,-0.21415703,-0.08923532,-0.20585337,0.064765334,0.05476842,-0.06062019,-0.13700944,-0.08888745,0.28300953,-0.095934495,-0.028215172,-0.20420195,-0.024873067,0.29982764,0.017279385,-0.0007834593
0.19588989,-0.22269553,-0.058440596,-0.09688615,-0.2139278,0.045975365,0.064808324,-0.11119699,-0.13187782,-0.0862256,0.27092147,-0.18474089,0.06569043,-0.18920025,-0.13160226,0.3989908,-0.18171889,0.020438088
0.04786756,0.21235901,-0.03358607,0.23713179,0.077875,0.045741715,0.21263207,0.054862253,0.110602416,-0.08340019,0.0343982,-0.19567591,0.36989695,-0.07297546,0.0044766287,0.16214387,-0.123366505,-0.015843283
0.041870862,-0.017466292,-0.046451773,0.068396576,-0.087963104,0.20863044,0.19345644,0.18806134,0.17265815,0.112807095,0.14992362,0.16625562,0.18277992,-0.012057722,0.16912717,0.20021862,0.15269893,0.012285523
-0.032830365,-0.041331872,-0.2494344,-0.1415182,-0.08531678,0.15922713,-0.15979806,0.10437575,0.072952926,0.13998987,0.12211257,0.25483298,-0.18994328,-0.15401092,0.013128959,-0.067309394,0.10060699,-0.3051307
-0.12871063,-0.08088872,-0.2540386,0.027917346,-0.1393053,0.26272464,-0.142088,0.11602321,0.15773392,0.1440404,-0.012608301,0.35697216,-0.18444715,-0.19986461,-0.065054476,-0.124401,0.182497,-0.4023297
0.1698116,0.15332332,-0.06203772,0.23921579,0.041980945,0.10528305,0.16814145,0.07389062,-0.01827615,-0.12421492,0.031933658,-0.17383409,0.32411262,-0.22644597,-0.059938967,0.23653316,-0.039768696,-0.05792892
-0.060925525,0.021966325,-0.19578841,-0.113347724,-0.01091405,0.16969852,-0.13385916,0.021579811,0.27519423,0.23047931,0.1364236,0.3508559,-0.30940002,0.12317087,0.22193813,0.017396552,0.22655633,-0.17461874
0.007775523,-0.22884855,-0.20474759,-0.005971643,-0.27213848,0.017398018,-0.0016749715,-0.07218009,0.0049049724,0.053068988,0.12773143,0.039284475,-0.031226538,-0.06728311,-0.0010826476,0.12725991,-0.07153072,-0.19277325
0.07707301,0.49356508,0.37376735,0.089725636,0.35273594,0.32993096,0.29849705,0.26684597,0.3334932,-0.07674678,0.037239872,-0.026787065,0.403157,0.28131998,0.15094346,0.263322,-0.019824775,0.1345786
-0.038523443,0.19564953,-0.0052030813,0.02590682,0.14817062,0.3978523,0.05368769,0.1333015,-0.099702865,-0.11678453,0.24954018,-0.022694366,0.1499111,-0.26914793,-0.19725874,0.24877745,0.0107479505,0.10320912
0.05127666,-0.12412132,-0.19833602,-0.11092273,-0.08893727,0.1027098,0.14855544,0.1275436,0.021771956,0.20093507,0.14293614,0.20121016,-0.19962732,0.0026016226,0.26088238,0.15965554,0.31803668,-0.016712986
-0.030280717,-0.17355555,-0.18670854,-0.1905089,-0.19932091,0.09762178,0.031472296,0.12458834,0.018806193,0.058014523,0.13065112,0.070465595,-0.19609767,-0.047425114,0.11159785,0.12985413,0.17139345,-0.15369703
0.057229534,-0.09165462,-0.17463881,-0.08696289,-0.1427418,0.05338004,-0.0020953463,0.1126295,0.077898145,0.11126028,0.122778974,0.32577437,-0.058539942,-0.08917254,0.11630334,-0.06971739,0.200019,-0.08880466
0.07011763,-0.18642578,-0.16873048,0.082248285,-0.1581203,0.1339689,0.08527756,-0.019820837,0.046388157,-0.06255049,0.22110973,-0.045462936,0.21374992,-0.18264169,0.00024966896,0.32082868,-0.030019691,-0.04761133
0.27880517,-0.15795572,-0.1808127,0.03454289,-0.19658402,0.11766674,-0.009553131,-0.072900385,-0.0601727,-0.049254604,0.26736265,0.031269886,-0.009234135,-0.11607383,-0.07813588,0.14828381,0.012410163,-0.027039705
0.076715834,0.09591576,-0.024081144,0.12438659,0.057240322,0.30780178,0.124534085,0.19619915,0.18385914,0.12430223,0.20355597,0.2667524,0.08797542,0.00016640685,0.19580701,0.2022514,0.24599573,-0.040308863
-0.0837169,-0.0052191736,-0.13205491,0.024650827,-0.10856743,0.17791755,0.021947812,0.21000148,0.14142798,0.111248374,0.10925883,0.26663482,0.0088028,-0.111983225,0.07173644,0.05547587,0.12269018,-0.20262346
-0.04025051,0.08120887,0.047192935,0.06587072,0.027070152,0.30947128,0.015343191,-0.03020585,-0.029050417,-0.095914155,0.35978866,-0.019262314,0.01070219,-0.12577388,-0.13177523,0.31021428,-0.07423696,0.053926058
-0.09932816,-0.009192033,0.08117062,0.20317253,-0.043434378,0.22219782,0.019371198,0.018671358,-0.014953032,-0.16101587,0.24900931,0.010900183,0.13984601,-0.08845687,-0.27428433,0.2178123,-0.12467112,0.069046825
0.01817294,-0.29780042,-0.36120474,-0.16948724,-0.31222343,-0.006815658,-0.31814742,-0.20040789,-0.26063055,-0.111166835,0.21454138,-0.06707835,-0.21119352,-0.21247178,-0.36155102,-0.07386803,-0.18521687,-0.080120906
0.058233257,0.035573445,0.17089188,0.13407803,-0.0059761647,0.23008624,0.062335297,0.027392376,0.12103665,-0.12326049,0.3284825,-0.054127328,0.28079617,-0.036275122,-0.07509239,0.3952474,-0.14748746,0.09120433
0.22394685,0.44304729,0.095748246,-0.034128323,0.39900598,0.45485264,0.02485837,0.37357286,0.33320296,0.2413454,0.017301388,0.29571638,-0.0782349,0.14694703,0.21261369,-0.023371005,0.25055778,-0.151701
0.055865332,-0.14351042,-0.19862977,0.082092196,-0.1941379,0.057146337,0.08131393,0.030152991,0.04954119,0.051564783,0.073437735,0.12551145,0.08543493,-0.13455318,0.02574093,0.05471764,0.04447999,-0.1698436
0.17328048,-0.08880803,-0.15645644,0.15185893,-0.17201361,0.041549813,0.097383104,0.11243717,0.007078685,0.033151712,0.03803999,0.11843136,0.16782525,-0.18982397,0.054311343,0.04991715,0.08418475,-0.10054352
-0.08273597,-0.015298668,-0.26352072,-0.059635952,-0.07538879,0.14701125,0.1394727,0.19506598,0.0916436,0.16367204,0.047418006,0.23905708,-0.09150726,-0.15197057,0.17560983,0.025855124,0.28064764,-0.17906746
0.16562131,-0.2833105,-0.104498565,0.061834425,-0.25263023,0.081452146,0.100961685,-0.13994178,-0.1046731,-0.16204798,0.3080818,-0.20934185,0.22967286,-0.10963287,-0.14667866,0.27524552,-0.16845004,0.14121586
-0.04593727,-0.095966905,-0.24313006,-0.060390152,-0.17127061,0.0312823,0.03152123,0.14094317,0.08126561,0.1417977,0.10773373,0.34444797,-0.08472831,-0.12507632,0.15013915,-0.022025885,0.26860195,-0.10465022
0.014202005,-0.123319305,0.04243157,-0.08568443,-0.10580316,0.18730837,0.07202938,-0.14497933,-0.1040498,-0.13800249,0.4162221,-0.14788169,-0.04104047,-0.031581905,-0.13511905,0.35983622,-0.15014896,0.1760011
-0.0027350232,-0.1255508,-0.24031307,0.04643062,-0.18037696,0.067494355,0.15332627,0.06640756,-0.064708516,-0.0036015045,0.14047125,0.015558402,0.03897768,-0.1783064,0.02636227,0.17513207,0.090535775,-0.063385025
-0.03341969,-0.20088553,-0.32556832,-0.303275,-0.21091163,0.05101359,-0.28801593,-0.08747055,0.06608049,0.084043995,0.17786077,0.19840589,-0.26767308,-0.05492781,0.01590876,-0.13548616,-0.008208036,-0.30214813
0.06918852,0.2211416,-0.121937886,-0.20196803,0.19946112,0.40350735,0.26183057,0.2766234,0.11253443,0.12998548,0.21960539,0.007620982,-0.08804223,-0.004376213,0.27991706,0.42778686,0.3105431,0.06598152
0.08602679,0.28283653,0.17738691,0.15038025,0.15613014,0.19498056,0.24284112,0.061342083,0.083663136,-0.17585455,0.10706937,-0.21481031,0.36866924,0.025018213,-0.064142555,0.28849837,-0.1440249,0.124789625
0.0397417,-0.10146971,-0.2110993,-0.07226285,-0.1314874,0.14023039,-0.0582548,0.037626226,0.06713482,0.089692414,0.07788764,0.15445632,-0.053269617,-0.13516861,0.042404257,-0.08413509,0.061886318,-0.20926103
-0.12805049,0.046212744,-0.070657894,-0.20896575,-0.0025569918,0.15516266,-0.13699585,0.08360638,0.01276664,0.22822809,0.20343247,0.28037786,-0.21074161,0.08965486,-0.011795351,-0.05494948,-0.028408945,-0.07000589
0.019198658,-0.25792095,-0.18121257,-0.14948866,-0.26473153,0.05432505,-0.15358081,-0.066124015,-0.011277418,0.06489152,0.12411745,0.112930335,-0.124307945,-0.13465267,-0.091039725,0.019581601,-0.114326626,-0.31402403
-0.00978588,-0.08230077,-0.22720177,0.027177237,-0.17399755,0.057463482,0.07986969,0.12852594,0.0016538422,0.112658516,0.06395447,0.21834984,-0.065072306,-0.22970833,0.059263736,0.046224132,0.1835473,-0.1625349
0.08437684,0.407314,0.055931862,0.037741065,0.31317768,0.27646717,0.31899947,0.38390064,0.15652622,0.066253796,0.007621373,0.03506461,0.12906626,0.021733616,0.30799836,0.2817758,0.34754473,0.09814355
-0.15159065,-0.2188217,-0.22572127,0.01528027,-0.28510958,0.0074619157,-0.2675975,-0.07928388,-0.05068906,-0.0014306344,0.11187619,0.28673273,-0.18120503,-0.19225389,-0.246129,-0.11310631,-0.03919586,-0.23370722
0.15496711,-0.18468475,-0.2696527,-0.02240222,-0.19711557,0.0927251,-0.09576176,-0.037446193,0.012381148,0.06768365,0.088431224,0.06885679,-0.14720629,-0.116853505,-0.027859945,0.008721473,0.011465147,-0.31143075
0.03791711,-0.3007604,-0.2650697,-0.20292118,-0.27581584,0.037436232,-0.12160445,-0.13003352,-0.14854658,-0.04568119,0.35030967,-0.061526317,-0.11411722,-0.22331157,-0.15138131,0.21234418,-0.15279305,-0.09738182
0.103421055,0.18551278,0.101967424,0.09571894,0.11723867,0.4021569,0.20699653,0.088222444,0.060661495,-0.08795908,0.2846191,-0.027730586,0.22654316,-0.029804168,0.032505512,0.37821323,0.024391454,0.10218744
-0.04427491,-0.18101792,-0.21486214,-0.12745333,-0.21346249,-0.10036121,-0.3042205,-0.24487472,-0.13682789,-0.057646044,-0.02096911,0.025225762,-0.16457304,-0.14801039,-0.17956102,-0.114709444,-0.14989512,-0.20861538
-0.12955573,-0.04356547,-0.021245139,-0.07301202,-0.18888006,0.3113172,-0.14845791,0.17350596,0.064436965,0.077163935,-0.038921136,0.25835222,-0.08499226,-0.049416162,-0.23766062,-0.19131891,-0.053644083,-0.26101017
0.11483519,-0.015824255,-0.23492166,-0.13841045,-0.025178723,0.24465099,0.056464575,0.17758866,0.06778774,0.21999148,0.16131788,0.18073773,-0.218245,0.062188625,0.12863503,-0.0057949233,0.22495013,-0.13132888
-0.11831497,0.16815901,0.052607365,0.018943518,0.07959226,0.24835733,0.33401138,0.3962153,0.12417938,0.18739195,0.087901905,0.19008812,-0.037606284,0.1225248,0.29002297,0.18085858,0.30564576,0.055115297
-0.0062145637,-0.08735713,-0.18619221,-0.15729529,-0.12584531,0.15320666,-0.020257618,0.09641208,-0.0014624344,0.042236514,0.17012894,0.12677534,-0.12258849,-0.080881715,0.06808105,0.05997075,0.12011579,-0.12870146
-0.13927351,-0.033478867,-0.016062688,0.033646006,-0.109387666,0.20843351,0.12277703,0.23924617,0.1654895,0.12560639,0.02895341,0.22569737,-0.09412329,-0.052667882,0.11464268,0.12139613,0.21001749,-0.21679592
0.056047253,0.2018551,0.112803906,0.12881774,0.14553268,0.24443892,0.38394782,0.022138933,-0.022961186,-0.13482709,0.21117172,-0.25576222,0.3523007,0.051547706,0.09314215,0.39328063,0.014320554,0.3354469
-0.06496149,0.10810344,-0.18101642,-0.13554999,0.07801344,0.21625066,0.14041387,0.28788233,0.18948367,0.2649747,0.19009729,0.34607655,-0.18436144,0.08180915,0.34072527,0.086824544,0.41242412,-0.0064418153
0.070459045,0.043348353,-0.022907484,0.34261954,-0.055445284,-0.084704,0.2321895,0.044768482,0.09850375,-0.1429531,0.021938086,-0.11682585,0.32661635,-0.027752899,0.051624697,0.19710326,0.024003182,0.09801692
-0.039506644,-0.100161016,-0.16526286,-0.13450646,-0.108575374,0.074303806,-0.038933665,0.11826965,0.09286959,0.15634832,0.28692192,0.35056204,-0.12793885,-0.08389552,0.15136856,0.16395551,0.23270991,-0.012561839
-0.049674988,-0.13527185,-0.23092544,-0.02766179,-0.19291171,0.19079167,0.052677453,0.055127896,0.066210866,0.10485904,0.14193809,0.20597179,-0.06197521,-0.02907928,0.09488291,-0.08039664,0.13316873,-0.14118555
0.052176014,0.28604794,0.032491732,-0.02719353,0.26332572,0.3385905,0.035358585,0.053706087,0.026242925,0.0113183195,0.39492536,0.043308157,-0.16975944,0.11749031,0.077095225,0.21179016,0.11794887,0.16441622
-0.11890514,-0.086200416,-0.28238827,-0.09068592,-0.16153863,0.1936259,-0.16482961,0.061510827,0.12538601,0.10960567,0.11380641,0.32726336,-0.22891526,-0.08811219,-0.020368151,-0.10929237,0.1059666,-0.3413059
0.08209944,-0.2237558,-0.18588522,-0.14386022,-0.24516642,-0.001478863,-0.11796568,-0.050836317,-0.02487095,0.059861325,0.14507023,0.106609285,-0.0780319,-0.13486437,-0.07949662,0.0033713337,-0.08498429,-0.22443992
-0.16389251,-0.19017805,-0.2589224,-0.19626334,-0.23768708,0.18177423,-0.251081,-0.0933639,-0.05690396,-0.043337215,-0.013402054,0.030479508,-0.22429731,0.073628284,-0.15231633,-0.24003169,-0.09942666,-0.28460434
-0.0160258,-0.2672493,-0.19482286,-0.17680812,-0.2820766,0.05193408,-0.076403335,0.011356327,0.11509064,0.04796034,0.1608942,0.18535277,-0.19342762,-0.0014438895,0.09723589,0.066649936,0.14451772,-0.17423397
0.10639529,-0.2016677,-0.17762661,0.014120396,-0.1863052,0.17345372,0.07330068,-0.031483423,-0.07235597,0.07272971,0.30387324,0.09231649,-0.134879,-0.066017985,0.01843417,0.14203158,0.06839899,-0.06745031
0.13420053,-0.25807217,-0.28246236,-0.15272307,-0.28996325,-0.08980582,-0.30573034,-0.03628528,-0.035914265,0.051083736,0.031913117,0.23091209,-0.23210758,-0.21245985,-0.13983998,-0.12389757,0.027452651,-0.2735145
-0.021276906,0.07626673,0.18093371,0.2904361,-0.044281095,0.17996302,0.1747683,0.027417863,0.053957112,-0.06614493,0.08330856,-0.06133529,0.28530225,0.05342782,-0.06861682,0.13030446,-0.18421781,-0.0015235776
0.15057987,0.318625,0.017007817,-0.0033601644,0.30763805,0.41778135,0.12913139,0.26095998,0.10580382,0.22778952,0.10997404,0.21136257,-0.20153496,0.058285315,0.138243,0.041590646,0.25069198,-0.1511242
0.11818476,0.10425325,0.25489652,0.28438044,-0.031633,0.2617609,0.14411631,0.05356978,0.22283638,-0.06518533,-0.018036803,0.01226641,0.20058888,0.099506184,-0.037230685,0.09713815,-0.10869234,-0.12562053
-0.023514457,0.0530307,-0.17617418,-0.11189554,0.03075381,0.15178593,0.085742354,0.28485656,0.13312039,0.237943,0.14301121,0.27507412,-0.16652223,0.040698443,0.24555351,0.06863415,0.2811693,-0.08859134
-0.06653772,-0.12752834,0.016737271,0.05958517,-0.15088144,0.19510312,0.042103168,-0.01724579,-0.088620245,-0.14549643,0.27149725,-0.101407215,0.086311914,-0.20481953,-0.29139715,0.36940926,-0.18512397,0.025564391
0.049288,-0.17806107,-0.2457084,0.0761454,-0.19023645,0.12939215,-0.13562092,-0.08263084,0.0073779244,-0.010169853,0.27725196,0.07303524,-0.09564327,-0.03654638,-0.016036095,0.0035691713,-0.0050815763,-0.13170362
-0.057483748,-0.22551014,-0.16671929,-0.09486531,-0.20661888,0.12687245,-0.07795301,-0.20191021,-0.13313538,-0.1500496,0.41656232,-0.064007305,0.0026675924,-0.22021998,-0.25049412,0.22782286,-0.17604029,0.08452824
0.102391005,0.2917065,0.042789772,0.06723519,0.22530466,0.36059484,0.041287784,0.1398512,0.122022994,0.052581225,0.079907954,0.107459106,0.1655857,-0.0148994755,-0.057363495,-0.052096147,-0.05716785,-0.13149248
-0.029961217,-0.14978093,-0.011935466,0.0013341084,-0.18278036,0.24307829,0.067426145,0.15431353,0.15492201,0.06953792,0.12805551,0.18298514,-0.061764847,0.0023153266,0.06945924,0.089528814,0.14176518,-0.15973358
0.017615065,-0.22533159,-0.04135905,0.05931762,-0.22885564,0.15265575,0.1898004,-0.012492003,-0.04408212,-0.1152551,0.22099634,-0.12530538,0.12665015,-0.015609298,-0.040564097,0.3482606,-0.037700735,0.054545492
0.15346152,-0.12067806,-0.2388914,-0.2487959,-0.11082019,0.19463909,-0.1221398,0.014267653,0.0004961509,0.19298367,0.116703734,0.15473694,-0.24044654,0.06659331,0.052066386,-0.0063563874,0.1014618,-0.15530558
-0.044746906,0.09574655,-0.15397319,0.1097639,-0.015738456,0.2075338,0.14293852,0.17194381,0.04136931,0.10516466,-0.03500844,0.17461789,0.14587127,-0.20616701,0.011195919,-0.05401562,0.14718574,-0.13546813
0.011774913,-0.21100469,-0.3007208,-0.19431755,-0.1810888,0.17566088,-0.19573551,-0.12745109,-0.22547652,-0.06514383,0.3845895,0.0036330442,-0.19184986,-0.26074892,-0.261563,0.03643408,-0.067493975,-0.04227757
-0.005273613,-0.23493907,-0.26443675,-0.09327975,-0.2638195,0.025095342,-0.12889218,0.004351209,-0.02925571,0.031131295,0.24389935,0.10091822,-0.10734987,-0.1753971,-0.08084461,0.14490184,-0.026000954,-0.19694793
-0.051264137,0.19685978,0.21528849,0.121871844,0.1417977,0.3798924,0.119442016,0.15504226,0.09755166,0.026832562,0.2515717,0.045975257,0.28594163,0.111228906,0.018429495,0.244823,-0.09659469,0.13407731
0.09538819,0.06870788,-0.122473694,-0.07040256,0.074212596,0.23846698,-0.06006878,0.13902205,0.085131645,0.14842287,0.2736046,0.10907898,0.06550204,-0.05786536,-0.1028093,0.06720648,-0.022684239,0.007176591
-0.09992537,-0.05683545,-0.121781915,-0.019822005,-0.118366346,0.2250256,-0.0339064,0.21302864,0.181378,0.16339123,0.027760716,0.3599848,-0.13085264,-0.17705953,0.04880657,-0.039531685,0.24502286,-0.28655857
-0.025018811,-0.11677344,-0.181733,-0.1490606,-0.14675367,0.104084864,0.043541394,0.19096428,0.058150597,0.10672754,0.12019676,0.23243016,-0.114191785,-0.025705077,0.094296634,0.04796475,0.23496349,-0.089200914
0.13636285,0.23811422,0.13749143,0.16616365,0.10604712,0.19018589,0.2214751,0.04131304,0.035331815,-0.095071964,0.018359553,-0.18312633,0.26723415,0.08234802,-0.11726921,0.06956166,-0.18157497,-0.011833242
-0.08257227,0.17925023,-0.06912367,0.026324436,0.048429612,0.34343278,0.12382391,0.25832862,0.13074355,0.083182946,0.0004710832,0.17191263,0.19544825,-0.08032742,-0.014958313,-0.04187739,0.05397116,-0.1786227
-0.033830486,-0.051841967,-0.08023429,-0.011411395,-0.1040802,0.23532939,-0.011545933,0.16240099,0.081965476,0.067680314,0.11380614,0.13942075,0.12410232,-0.10390887,-0.091312274,-0.056351863,-0.034431405,-0.13680407
0.054302853,-0.06478164,-0.23695736,-0.11781372,-0.11038483,0.13887903,0.16202962,0.12566225,0.023227418,0.20010203,0.06474519,0.26432773,-0.1856882,-0.023953207,0.23869127,-0.04838103,0.3196117,-0.08170918
0.039531343,0.31323358,0.18406934,0.2504093,0.2453157,0.2453498,0.25820538,0.3721726,0.17466672,0.030967623,0.04010646,0.0888132,0.4807551,-0.021183407,0.10138595,0.22281893,0.037192054,0.07729824
-0.16775867,-0.016831972,-0.11421561,0.11422074,-0.13718943,0.17127284,-0.069350496,0.20923686,0.15129143,0.08998943,-0.05958868,0.35846955,0.03335845,-0.10399405,-0.021961423,-0.12309967,0.13614953,-0.22299114
0.20564394,-0.14212182,-0.23439883,-0.12468579,-0.19097221,0.060138606,-0.009920225,0.1089832,0.031197213,0.14378932,0.12563822,0.29179072,-0.17195132,-0.102301545,0.11578383,-0.035675738,0.23521926,-0.1358195
0.20701368,-0.10313317,-0.25340337,-0.08202842,-0.14636478,0.20646217,-0.145386,-0.038685426,0.10523601,0.08475938,0.11509932,0.09257606,-0.12006478,-0.039417777,-0.0071920836,-0.070822895,0.000387026,-0.25370365
0.050155148,-0.089478046,-0.21242644,-0.007828121,-0.14940104,0.06361103,0.036873184,0.09429135,0.0356133,0.049993042,0.12278891,0.16161436,0.00088627636,-0.19741386,0.052204985,0.09637496,0.12093432,-0.13666725
-0.24956226,-0.10359976,-0.22822657,-0.16917193,-0.1994307,0.18060784,-0.2376363,0.12697344,0.044037357,0.06140761,-0.08971562,0.15580669,-0.274332,0.1303334,-0.19533062,-0.3690232,-0.06911356,-0.331596
0.09206714,0.05375801,0.018501796,-0.01339273,-0.0026952056,0.26256728,0.06756529,0.02353392,-0.01132997,0.057865236,0.38405764,0.098876774,-0.1632611,0.04714416,0.032372613,0.23023647,0.056701697,0.07436955
0.0047989166,-0.08925733,-0.26809344,-0.046787012,-0.14563566,0.15380889,-0.018770419,0.0930958,0.09098989,0.09437284,0.12906191,0.108560696,-0.12929562,-0.066425584,0.062466826,0.072750315,0.0810978,-0.268664
-0.005914785,-0.16256306,0.019035123,0.029286101,-0.15426785,0.15475503,-0.06530117,-0.19485588,-0.017338501,-0.23454252,0.3337633,-0.07957807,-0.058470182,-0.067318946,-0.31521332,0.2520303,-0.16678253,0.09143438
0.1786198,0.3297267,0.045516524,0.25084186,0.25752914,0.247194,0.29020435,0.2655311,0.1041928,0.019252107,0.092936024,0.019830387,0.3479405,-0.049729995,0.16456605,0.3211928,0.21662073,0.17790222
0.13013974,0.15094423,-0.09886164,0.15737471,0.05229772,0.2810384,0.20316829,0.20870605,0.1070137,0.19734713,0.0011397103,0.1986724,-0.041400194,-0.07045756,0.1446557,0.061831646,0.23976377,-0.15576078
-0.13256365,-0.22905114,-0.29850525,-0.1441943,-0.26047128,0.09677914,-0.2961294,-0.0072951564,-0.06316384,0.07002242,0.01994164,0.23475029,-0.13068816,-0.3192677,-0.255172,-0.24338219,-0.0814197,-0.33684027
-0.03840099,0.03876727,-0.09805767,-0.16220874,-0.050856255,0.25303763,0.07237466,0.25789335,0.10435712,0.11757336,0.08064847,0.21168622,-0.17993268,0.011172522,0.09257488,0.12006608,0.2372241,-0.16390964
-0.07163076,0.03643315,-0.14580241,-0.15543535,0.0071792044,0.19675805,0.07967954,0.25519222,0.09196768,0.32445347,0.09632618,0.48420084,-0.23547755,-0.0210246,0.19612259,-0.050147697,0.35481298,-0.11668661
0.072193176,0.3248605,0.111877784,0.25436682,0.2747034,0.27520877,0.3944056,0.14225498,0.049120046,-0.061283894,0.15190506,-0.12889665,0.33210164,0.0012899055,0.19609874,0.44237792,0.1979604,0.28527308
0.094503544,0.08191316,-0.16161731,-0.022837088,0.03789287,0.2749727,0.042838246,0.21943754,0.14581224,0.23112963,0.09784083,0.34065622,-0.034558482,-0.03952909,0.07071078,0.013947925,0.18433705,-0.15876697
-0.10012591,-0.018882137,-0.11822721,-0.09371419,-0.08427658,0.18642221,-0.04840261,0.16665785,0.14605102,0.12104293,0.09716153,0.29801506,-0.22265266,-0.031770654,0.048459202,-0.073463306,0.20270303,-0.23939064
-0.10129857,-0.0323947,-0.08730833,-0.017825,-0.06397791,0.07365645,0.16975036,0.19492635,0.057700604,0.22436287,0.102808125,0.25810534,-0.12497756,0.022881512,0.17593001,0.12102817,0.19816309,-0.07409913
0.087855086,0.24769738,0.37819827,0.3144465,0.17496148,0.0059159333,0.27567023,0.16488895,0.35171807,-0.09437197,0.026240326,-0.005613871,0.43197015,0.27369097,0.16595724,0.20424306,-0.04365188,0.20156607
-0.037924483,0.3350328,0.17720911,0.044055685,0.26171678,0.4162717,0.20020196,0.38209355,0.23913589,0.1753033,0.094078235,0.25185353,0.34773797,0.19343513,0.1601122,0.09256533,0.08694037,0.12391916
0.09811018,0.36665064,0.06828507,0.0013630185,0.31410736,0.38789976,0.16425079,0.4151523,0.28602326,0.22814843,-0.07532811,0.23906475,0.12225352,0.12483395,0.13223517,-0.1160571,0.16470341,-0.11515393
0.00027641794,-0.082527846,-0.2103423,-0.1892103,-0.11759441,0.13506186,-0.06307127,0.07827908,0.024378099,0.059924528,0.17440262,0.15276438,-0.15756644,-0.11334098,0.08699559,0.041474774,0.13918972,-0.16376498
-0.0016097785,-0.32316026,-0.37778804,-0.15629505,-0.33079687,0.08593422,-0.27510294,-0.16689384,-0.05882889,-0.02277658,0.24603145,0.10433754,-0.28807092,-0.076015115,-0.0514983,-0.105163366,0.01318463,-0.23740155
-0.00073355087,-0.097013034,-0.18410122,-0.2207159,-0.118847325,0.14268947,-0.044969145,0.06425926,-0.014361334,0.013812454,0.20635039,0.08039509,-0.088808015,-0.10485465,0.025517719,0.08753891,0.061927162,-0.12253186
-0.03336005,0.038208272,-0.010269767,0.050542034,-0.025565896,0.2756345,0.08304477,0.07935338,0.09141854,0.04356968,0.19106162,0.12006591,0.19786766,-0.030103046,-0.08006463,0.04430248,-0.08164994,-0.062365398
0.037577003,0.25374368,-0.022989733,-0.005085769,0.1943196,0.34127098,0.013694809,0.30389637,0.24126706,0.30396938,0.07168783,0.4679464,-0.15820447,0.027671596,0.27585608,-0.008637331,0.3557645,-0.110021725
-0.010496109,-0.17527553,-0.23957813,-0.14850584,-0.16884552,0.11926858,-0.09780465,-0.085374534,-0.049285818,0.091525346,0.11347377,0.080109544,-0.16117534,-0.10544461,-0.007392143,-0.056100383,-0.028918125,-0.25602394
-0.042631164,-0.27043366,-0.19165504,-0.077803925,-0.28173435,0.0936756,-0.011315996,-0.08246999,-0.13356897,-0.046163447,0.34952033,-0.055428885,-0.012087111,-0.24414653,-0.21030712,0.24193782,-0.14862847,-0.011100763
0.097992286,-0.09998936,-0.018892411,0.11137873,-0.14570835,0.12311542,0.103205755,0.015124485,0.034983486,-0.056365266,0.29378393,-0.0020013507,0.27355847,-0.16723743,-0.021324847,0.33672976,-0.057087265,0.13441494
0.06732009,-0.29629835,-0.09921742,-0.034171574,-0.2910992,0.100473404,-0.03900371,-0.19813669,-0.09937036,-0.13988326,0.42848486,-0.048520952,0.068974294,-0.23416328,-0.19575197,0.35637283,-0.17410178,0.06995474
-0.11430351,0.09248228,-0.13159883,-0.08518633,0.058673292,0.20306563,0.10125847,0.244547,0.08217483,0.26458064,0.19908085,0.3667277,-0.21296075,0.0033025378,0.21113661,0.07591769,0.3226716,-0.04388035
0.052818425,0.18228394,-0.043299988,-0.11867793,0.15724671,0.3028872,0.0870684,0.14847939,0.049734753,0.11546968,0.33723637,0.12194598,-0.13701925,0.08490873,0.23770124,0.2249741,0.2262726,0.1126849
0.3717091,-0.0661362,-0.0072441786,0.12656331,-0.13922657,-0.028590579,0.060083963,0.06927094,0.27379006,-0.07098486,0.0249593,-0.0034150812,0.31365514,-0.033954084,0.025792701,0.14542516,-0.07554202,-0.09895614
-0.07502975,-0.021303218,-0.17391741,-0.03488656,-0.061742917,0.26048416,-0.07001425,0.07336161,0.03983368,0.026691575,0.30578613,0.1904068,-0.20502943,-0.021010106,-0.0166393,0.0059956857,0.1389135,-0.1232409
-0.02163788,0.16454694,0.13818179,0.1531963,0.060669743,0.31432804,0.043505117,0.21113935,0.03179818,0.033728547,-0.020811994,0.13248876,0.11058254,-0.07405131,-0.13770995,-0.034897655,-0.04465238,-0.17661169
-0.08100262,-0.036760114,0.13504955,0.06712334,-0.04351506,0.16172963,0.055698402,0.0056823846,0.08198193,0.033260863,0.37463045,0.009377492,0.14668457,0.34254515,0.0012585106,0.22119452,-0.17593448,0.25571734
0.06446156,0.30811858,0.039084494,0.2486126,0.22484666,0.20240913,0.36483812,0.19243181,0.11602265,-0.06546411,0.12959939,-0.13895221,0.38552538,0.048554413,0.16806011,0.37484872,0.14048217,0.23378313
0.05579531,-0.14741305,-0.17217273,-0.08942447,-0.18290477,0.13618824,-0.038354404,0.06273607,0.01011242,0.09273544,0.08887562,0.15255578,-0.0014807733,-0.15467106,0.041180003,0.044291638,0.044449642,-0.18300915
0.0062241876,0.068617955,-0.13810012,0.04933562,-0.031954337,0.2686923,0.047029097,0.08558349,0.05318662,0.06733838,0.13816938,0.12647808,-0.09510095,-0.051814273,0.08048959,0.023928564,0.117739365,-0.15497218
-0.057657525,-0.06365899,-0.10326554,0.09806652,-0.106361575,0.25256371,0.12921208,0.05818612,-0.004978164,-0.023583312,0.2520528,-0.026070703,0.15180328,-0.17930618,-0.05249624,0.30071533,-0.052662827,-0.077290155
0.18527915,0.25531733,0.19294024,0.22157928,0.17744952,0.3670578,0.15701851,0.141345,0.13450535,-0.10842793,0.21660247,-0.03176776,0.3788218,0.07740715,-0.079856046,0.20807776,-0.101337835,0.14666864
0.034946617,-0.20291346,-0.2668861,-0.10126939,-0.21164846,0.03498292,-0.08150676,-0.024498938,0.0026555662,0.07072054,0.094892114,0.1070168,-0.08856098,-0.17425987,-0.0027480284,-0.029504009,0.0052990518,-0.24168843
-0.07232408,-0.043262452,-0.059444394,0.21785139,-0.13912243,0.17735434,0.14576763,0.11247853,0.065140694,0.051950213,0.063120365,0.10372625,0.19464946,-0.14529379,-0.042546913,0.038880832,-0.025155205,-0.15232867
-0.11371173,0.09330937,-0.07458939,0.06175442,0.013714421,0.31005147,-0.056946937,0.20179895,0.13058195,0.0120684095,0.083943695,0.17312449,0.19878039,-0.12658082,-0.16543907,0.095246755,-0.05931571,-0.1927543
0.00956351,-0.19270411,-0.22027647,-0.004808041,-0.25034785,0.040211633,0.053464383,0.022474367,0.030023511,-0.0014766417,0.18060946,0.078865625,0.01681089,-0.15738001,0.06164642,0.20667465,0.07556841,-0.0950208
0.04705856,0.34135294,0.35024852,0.16251767,0.22597244,0.22612354,0.40106282,0.26906514,0.10007025,-0.044798613,0.023417931,0.010789943,0.28805235,0.06448133,0.23027503,0.30398113,0.20185429,0.22306527
